Electronics,Televisions,Summer,Morocco,Africa,11
Electronics,Televisions,Summer,China,Asia,14
Electronics,Televisions,Rainy,India,Asia,12
Electronics,Televisions,Summer,Russia,America,14
Electronics,Televisions,Summer,Kenya,Africa,11
Electronics,Televisions,Summer,Japan,Asia,11
Electronics,Televisions,Winter,India,Asia,24
Electronics,Televisions,Summer,France ,Europe,13
Electronics,Televisions,Winter,France ,Europe,16
Electronics,Televisions,Winter,Nigeria,Africa,5
Electronics,Home Entertainment Systems,Winter,India,Asia,7
Electronics,Home Entertainment Systems,Summer,France ,Europe,22
Electronics,Home Entertainment Systems,Rainy,India,Asia,6
Electronics,Home Entertainment Systems,Winter,Netherlands ,Europe,8
Electronics,Home Entertainment Systems,Winter,Panama,America,6
Electronics,Home Entertainment Systems,Summer,France ,Europe,18
Electronics,Home Entertainment Systems,Rainy,Morocco,Africa,16
Electronics,Home Entertainment Systems,Rainy,Columbia,America,6
Electronics,Home Entertainment Systems,Summer,Morocco,Africa,16
Electronics,Home Entertainment Systems,Winter,Malasia ,Asia,13
Electronics,Headphones,Winter,Mexico,America,8
Electronics,Headphones,Summer,Germany ,Europe,8
Electronics,Headphones,Winter,Columbia,America,13
Electronics,Headphones,Rainy,Brisbane ,Australia,12
Electronics,Headphones,Rainy,Brazil,America,16
Electronics,Headphones,Rainy,Morocco,Africa,8
Electronics,Headphones,Winter,Malasia ,Asia,20
Electronics,Headphones,Winter,Malasia ,Asia,20
Electronics,Headphones,Winter,Sydney,Australia,13
Electronics,Headphones,Rainy,Mexico,America,14
Electronics,Speakers,Winter,Mexico,America,7
Electronics,Speakers,Winter,Japan,Asia,16
Electronics,Speakers,Winter,Japan,Asia,15
Electronics,Speakers,Winter,Columbia,America,24
Electronics,Speakers,Rainy,Russia,America,13
Electronics,Speakers,Rainy,China,Asia,5
Electronics,Speakers,Summer,Russia,America,16
Electronics,Speakers,Summer,Germany ,Europe,22
Electronics,Speakers,Summer,South Africa,Africa,18
Electronics,Speakers,Winter,India,Asia,15
Electronics,Home Audio & Theater,Winter,Singapore,Asia,19
Electronics,Home Audio & Theater,Rainy,Brazil,America,5
Electronics,Home Audio & Theater,Summer,Brazil,America,17
Electronics,Home Audio & Theater,Summer,Kenya,Africa,12
Electronics,Home Audio & Theater,Summer,Russia,America,25
Electronics,Home Audio & Theater,Winter,Germany ,Europe,25
Electronics,Home Audio & Theater,Summer,Argentina,America,6
Electronics,Home Audio & Theater,Rainy,Morocco,Africa,8
Electronics,Home Audio & Theater,Winter,Malasia ,Asia,12
Electronics,Home Audio & Theater,Rainy,Brazil,America,19
Electronics,Cameras,Rainy,Brazil,America,20
Electronics,Cameras,Summer,Germany ,Europe,24
Electronics,Cameras,Summer,Japan,Asia,13
Electronics,Cameras,Rainy,Brazil,America,11
Electronics,Cameras,Rainy,Italy,America,9
Electronics,Cameras,Winter,India,Asia,14
Electronics,Cameras,Winter,Brisbane ,Australia,8
Electronics,Cameras,Summer,Kenya,Africa,9
Electronics,Cameras,Summer,Kenya,Africa,19
Electronics,Cameras,Winter,Brazil,America,6
Electronics,DSLR Cameras,Rainy,Brisbane ,Australia,16
Electronics,DSLR Cameras,Winter,Panama,America,23
Electronics,DSLR Cameras,Winter,Belgium ,Europe,23
Electronics,DSLR Cameras,Winter,Brazil,America,15
Electronics,DSLR Cameras,Rainy,Columbia,America,11
Electronics,DSLR Cameras,Summer,France ,Europe,19
Electronics,DSLR Cameras,Summer,Japan,Asia,14
Electronics,DSLR Cameras,Summer,Columbia,America,17
Electronics,DSLR Cameras,Summer,Columbia,America,21
Electronics,DSLR Cameras,Summer,China,Asia,9
Electronics,Security Cameras,Winter,Nigeria,Africa,8
Electronics,Security Cameras,Winter,China,Asia,15
Electronics,Security Cameras,Winter,South Africa,Africa,14
Electronics,Security Cameras,Rainy,South Africa,Africa,11
Electronics,Security Cameras,Winter,Nigeria,Africa,7
Electronics,Security Cameras,Winter,Kenya,Africa,5
Electronics,Security Cameras,Rainy,China,Asia,7
Electronics,Security Cameras,Rainy,South Africa,Africa,9
Electronics,Security Cameras,Summer,Kenya,Europe,7
Electronics,Security Cameras,Winter,Nigeria,America,11
Electronics,Camera Accessories,Summer,Morocco,Asia,20
Electronics,Camera Accessories,Winter,South Africa,Africa,22
Electronics,Camera Accessories,Winter,China,Australia,19
Electronics,Camera Accessories,Rainy,Nigeria,America,7
Electronics,Camera Accessories,Summer,Nigeria,America,18
Electronics,Camera Accessories,Summer,Kenya,Europe,7
Electronics,Camera Accessories,Summer,Nigeria,America,15
Electronics,Camera Accessories,Winter,Morocco,Asia,11
Electronics,Camera Accessories,Winter,South Africa,Africa,17
Electronics,Camera Accessories,Rainy,Nigeria,America,17
Electronics,Musical Instruments & Professional Audio,Winter,China,Australia,19
Electronics,Musical Instruments & Professional Audio,Winter,Nigeria,America,16
Electronics,Musical Instruments & Professional Audio,Summer,South Africa,Africa,18
Electronics,Musical Instruments & Professional Audio,Winter,South Africa,Africa,23
Electronics,Musical Instruments & Professional Audio,Summer,Kenya,Europe,21
Electronics,Musical Instruments & Professional Audio,Winter,Nigeria,America,22
Electronics,Musical Instruments & Professional Audio,Winter,Morocco,Asia,23
Electronics,Musical Instruments & Professional Audio,Rainy,South Africa,Africa,9
Electronics,Musical Instruments & Professional Audio,Rainy,South Africa,Africa,18
Electronics,Musical Instruments & Professional Audio,Rainy,China,Australia,21
Electronics,Gaming Consoles,Summer,Morocco,Asia,14
Electronics,Gaming Consoles,Rainy,South Africa,Africa,22
Electronics,Gaming Consoles,Summer,South Africa,Africa,16
Electronics,Gaming Consoles,Rainy,China,Australia,12
Electronics,Gaming Consoles,Rainy,Nigeria,America,22
Electronics,Gaming Consoles,Winter,Kenya,Europe,22
Electronics,Gaming Consoles,Summer,Morocco,Asia,22
Electronics,Gaming Consoles,Winter,Morocco,Asia,23
Electronics,Gaming Consoles,Rainy,China,Australia,19
Electronics,Gaming Consoles,Rainy,South Africa,Africa,8
Electronics,All Other Electronics,Summer,South Africa,Africa,6
Electronics,All Other Electronics,Winter,China,Australia,11
Electronics,All Other Electronics,Summer,Nigeria,America,9
Electronics,All Other Electronics,Rainy,Kenya,Europe,21
Electronics,All Other Electronics,Rainy,Nigeria,America,16
Electronics,All Other Electronics,Summer,South Africa,Africa,17
Electronics,All Other Electronics,Summer,Nigeria,America,10
Electronics,All Other Electronics,Rainy,Morocco,Asia,16
Electronics,All Other Electronics,Rainy,Morocco,Asia,13
Electronics,All Other Electronics,Winter,Kenya,Europe,10
Electronics,Air Conditioners,Rainy,South Africa,Africa,18
Electronics,Air Conditioners,Winter,Morocco,Asia,10
Electronics,Air Conditioners,Summer,China,Australia,8
Electronics,Air Conditioners,Summer,Morocco,Asia,12
Electronics,Air Conditioners,Summer,Nigeria,America,6
Electronics,Air Conditioners,Summer,South Africa,Africa,9
Electronics,Air Conditioners,Winter,China,Australia,25
Electronics,Air Conditioners,Summer,South Africa,Africa,7
Electronics,Air Conditioners,Winter,Nigeria,America,5
Electronics,Air Conditioners,Summer,South Africa,Africa,9
Electronics,Refrigerators,Summer,Nigeria,America,11
Electronics,Refrigerators,Summer,Nigeria,America,18
Electronics,Refrigerators,Rainy,Kenya,Europe,23
Electronics,Refrigerators,Rainy,Kenya,Europe,7
Electronics,Refrigerators,Winter,Kenya,Europe,5
Electronics,Refrigerators,Summer,Morocco,Asia,14
Electronics,Refrigerators,Rainy,Kenya,Europe,5
Electronics,Refrigerators,Rainy,Nigeria,America,24
Electronics,Refrigerators,Summer,Nigeria,America,23
Electronics,Refrigerators,Summer,South Africa,Africa,15
Electronics,Washing Machines,Summer,Nigeria,America,8
Electronics,Washing Machines,Rainy,Nigeria,America,9
Electronics,Washing Machines,Winter,Nigeria,America,24
Electronics,Washing Machines,Summer,South Africa,Africa,5
Electronics,Washing Machines,Summer,Nigeria,America,18
Electronics,Washing Machines,Rainy,Nigeria,America,18
Electronics,Washing Machines,Rainy,South Africa,Africa,11
Electronics,Washing Machines,Rainy,South Africa,Africa,7
Electronics,Washing Machines,Summer,South Africa,Africa,18
Electronics,Washing Machines,Rainy,South Africa,Africa,23
Electronics,Kitchen & Home Appliances,Winter,Kenya,Europe,18
Electronics,Kitchen & Home Appliances,Summer,Nigeria,America,19
Electronics,Kitchen & Home Appliances,Summer,South Africa,Africa,17
Electronics,Kitchen & Home Appliances,Summer,South Africa,Africa,11
Electronics,Kitchen & Home Appliances,Summer,China,Australia,19
Electronics,Kitchen & Home Appliances,Summer,South Africa,Africa,7
Electronics,Kitchen & Home Appliances,Winter,South Africa,Africa,13
Electronics,Kitchen & Home Appliances,Rainy,Morocco,Asia,16
Electronics,Kitchen & Home Appliances,Winter,China,Australia,17
Electronics,Kitchen & Home Appliances,Winter,South Africa,Africa,13
Electronics,Heating & Cooling Appliances,Winter,Nigeria,America,25
Electronics,Heating & Cooling Appliances,Summer,Morocco,Asia,25
Electronics,Heating & Cooling Appliances,Winter,Morocco,Asia,24
Electronics,Heating & Cooling Appliances,Rainy,South Africa,Africa,11
Electronics,Heating & Cooling Appliances,Winter,South Africa,Africa,22
Electronics,Heating & Cooling Appliances,Winter,South Africa,Africa,20
Electronics,Heating & Cooling Appliances,Summer,Nigeria,America,12
Electronics,Heating & Cooling Appliances,Summer,South Africa,Africa,16
Electronics,Heating & Cooling Appliances,Rainy,Kenya,Europe,7
Electronics,Heating & Cooling Appliances,Summer,Nigeria,America,20
Home appliances,Kitchen & Dining,Summer,South Africa,Africa,8
Home appliances,Kitchen & Dining,Rainy,Morocco,Asia,23
Home appliances,Kitchen & Dining,Winter,China,Australia,7
Home appliances,Kitchen & Dining,Winter,Kenya,Europe,15
Home appliances,Kitchen & Dining,Rainy,Nigeria,America,6
Home appliances,Kitchen & Dining,Winter,Kenya,Europe,8
Home appliances,Kitchen & Dining,Winter,Morocco,Asia,24
Home appliances,Kitchen & Dining,Winter,Kenya,Europe,19
Home appliances,Kitchen & Dining,Rainy,Morocco,Asia,18
Home appliances,Kitchen & Dining,Rainy,Morocco,Asia,19
Home appliances,Kitchen Storage & Containers,Winter,Kenya,Europe,17
Home appliances,Kitchen Storage & Containers,Winter,South Africa,Africa,24
Home appliances,Kitchen Storage & Containers,Winter,Kenya,Europe,5
Home appliances,Kitchen Storage & Containers,Winter,South Africa,Africa,10
Home appliances,Kitchen Storage & Containers,Winter,Kenya,Europe,15
Home appliances,Kitchen Storage & Containers,Rainy,Nigeria,America,8
Home appliances,Kitchen Storage & Containers,Rainy,Kenya,Europe,12
Home appliances,Kitchen Storage & Containers,Winter,China,Australia,11
Home appliances,Kitchen Storage & Containers,Rainy,Nigeria,America,18
Home appliances,Kitchen Storage & Containers,Rainy,Nigeria,America,22
Home appliances,Furniture,Winter,South Africa,Africa,5
Home appliances,Furniture,Winter,Nigeria,America,15
Home appliances,Furniture,Rainy,Nigeria,America,12
Home appliances,Furniture,Winter,Nigeria,America,19
Home appliances,Furniture,Winter,Kenya,Europe,20
Home appliances,Furniture,Summer,South Africa,Africa,22
Home appliances,Furniture,Summer,Morocco,Asia,15
Home appliances,Furniture,Winter,China,Australia,24
Home appliances,Furniture,Rainy,Morocco,Asia,15
Home appliances,Furniture,Summer,China,Australia,16
Home appliances,Fine Art,Winter,Kenya,Europe,12
Home appliances,Fine Art,Winter,Kenya,Europe,9
Home appliances,Fine Art,Summer,Morocco,Asia,9
Home appliances,Fine Art,Summer,South Africa,Africa,11
Home appliances,Fine Art,Rainy,Kenya,Europe,20
Home appliances,Fine Art,Rainy,China,Australia,22
Home appliances,Fine Art,Winter,Kenya,Europe,16
Home appliances,Fine Art,Winter,China,Australia,6
Home appliances,Fine Art,Rainy,South Africa,Africa,22
Home appliances,Fine Art,Winter,China,Australia,6
Home appliances,Home Furnishing,Rainy,Nigeria,America,20
Home appliances,Home Furnishing,Winter,Morocco,Asia,12
Home appliances,Home Furnishing,Winter,Nigeria,America,25
Home appliances,Home Furnishing,Rainy,South Africa,Africa,20
Home appliances,Home Furnishing,Winter,China,Australia,25
Home appliances,Home Furnishing,Rainy,Kenya,Europe,10
Home appliances,Home Furnishing,Summer,China,Australia,14
Home appliances,Home Furnishing,Rainy,Nigeria,America,21
Home appliances,Home Furnishing,Rainy,Kenya,Europe,24
Home appliances,Home Furnishing,Rainy,Kenya,Europe,9
Home appliances,Bedroom Linen,Summer,Morocco,Asia,11
Home appliances,Bedroom Linen,Rainy,Nigeria,America,12
Home appliances,Bedroom Linen,Winter,China,Australia,16
Home appliances,Bedroom Linen,Summer,Morocco,Asia,18
Home appliances,Bedroom Linen,Summer,Kenya,Europe,6
Home appliances,Bedroom Linen,Rainy,Kenya,Europe,23
Home appliances,Bedroom Linen,Winter,Kenya,Europe,19
Home appliances,Bedroom Linen,Winter,Kenya,Europe,5
Home appliances,Bedroom Linen,Rainy,South Africa,Africa,25
Home appliances,Bedroom Linen,Rainy,Kenya,Europe,18
Home appliances,Home Decor,Summer,South Africa,Africa,15
Home appliances,Home Decor,Summer,China,Australia,18
Home appliances,Home Decor,Rainy,China,Australia,22
Home appliances,Home Decor,Winter,Nigeria,America,25
Home appliances,Home Decor,Summer,Nigeria,America,8
Home appliances,Home Decor,Summer,Nigeria,America,10
Home appliances,Home Decor,Winter,Kenya,Europe,23
Home appliances,Home Decor,Summer,Kenya,Europe,10
Home appliances,Home Decor,Summer,Kenya,Europe,24
Home appliances,Home Decor,Rainy,Morocco,Asia,9
Home appliances,Garden & Outdoors,Winter,South Africa,Africa,23
Home appliances,Garden & Outdoors,Summer,South Africa,Africa,9
Home appliances,Garden & Outdoors,Winter,Kenya,Europe,7
Home appliances,Garden & Outdoors,Winter,Kenya,Europe,25
Home appliances,Garden & Outdoors,Summer,Kenya,Europe,9
Home appliances,Garden & Outdoors,Rainy,Nigeria,America,23
Home appliances,Garden & Outdoors,Rainy,Nigeria,America,24
Home appliances,Garden & Outdoors,Winter,Morocco,Asia,13
Home appliances,Garden & Outdoors,Summer,Kenya,Europe,17
Home appliances,Garden & Outdoors,Summer,China,Australia,16
Home appliances,Home Storage,Summer,Kenya,Europe,8
Home appliances,Home Storage,Winter,Kenya,Europe,19
Home appliances,Home Storage,Rainy,China,Australia,25
Home appliances,Home Storage,Winter,Nigeria,America,24
Home appliances,Home Storage,Summer,South Africa,Africa,14
Home appliances,Home Storage,Summer,Nigeria,America,10
Home appliances,Home Storage,Summer,Nigeria,America,15
Home appliances,Home Storage,Rainy,China,Australia,11
Home appliances,Home Storage,Summer,Morocco,Asia,25
Home appliances,Home Storage,Rainy,China,Australia,14
Home appliances,Indoor Lighting,Rainy,China,Australia,17
Home appliances,Indoor Lighting,Winter,Morocco,Asia,10
Home appliances,Indoor Lighting,Summer,Morocco,Asia,15
Home appliances,Indoor Lighting,Summer,Kenya,Europe,20
Home appliances,Indoor Lighting,Rainy,Nigeria,America,23
Home appliances,Indoor Lighting,Winter,Nigeria,America,16
Home appliances,Indoor Lighting,Rainy,China,Australia,9
Home appliances,Indoor Lighting,Summer,Morocco,Asia,7
Home appliances,Indoor Lighting,Rainy,Morocco,Asia,8
Home appliances,Indoor Lighting,Winter,Kenya,Europe,7
Home appliances,Home Improvement,Winter,Nigeria,America,8
Home appliances,Home Improvement,Rainy,Kenya,Europe,15
Home appliances,Home Improvement,Winter,South Africa,Africa,21
Home appliances,Home Improvement,Winter,South Africa,Africa,22
Home appliances,Home Improvement,Rainy,China,Australia,11
Home appliances,Home Improvement,Summer,Morocco,Asia,12
Home appliances,Home Improvement,Summer,Kenya,Europe,8
Home appliances,Home Improvement,Winter,Nigeria,America,6
Home appliances,Home Improvement,Winter,China,Australia,18
Home appliances,Home Improvement,Winter,Morocco,Asia,13
Men's Clothing,T-shirts & Polos,Rainy,Kenya,Europe,14
Men's Clothing,T-shirts & Polos,Summer,Morocco,Asia,23
Men's Clothing,T-shirts & Polos,Summer,China,Australia,7
Men's Clothing,T-shirts & Polos,Winter,Morocco,Asia,16
Men's Clothing,T-shirts & Polos,Winter,Morocco,Asia,22
Men's Clothing,T-shirts & Polos,Summer,China,Australia,15
Men's Clothing,T-shirts & Polos,Summer,Morocco,Asia,15
Men's Clothing,T-shirts & Polos,Summer,Morocco,Asia,8
Men's Clothing,T-shirts & Polos,Winter,South Africa,Africa,9
Men's Clothing,T-shirts & Polos,Winter,Morocco,Asia,13
Men's Clothing,Shirts,Winter,Kenya,Europe,20
Men's Clothing,Shirts,Summer,South Africa,Africa,15
Men's Clothing,Shirts,Winter,South Africa,Africa,10
Men's Clothing,Shirts,Rainy,South Africa,Africa,15
Men's Clothing,Shirts,Winter,China,Australia,12
Men's Clothing,Shirts,Summer,Morocco,Asia,24
Men's Clothing,Shirts,Rainy,Nigeria,America,24
Men's Clothing,Shirts,Winter,South Africa,Africa,12
Men's Clothing,Shirts,Rainy,Morocco,Asia,14
Men's Clothing,Shirts,Summer,Kenya,Europe,21
Men's Clothing,Jeans,Rainy,China,Australia,6
Men's Clothing,Jeans,Rainy,China,Australia,14
Men's Clothing,Jeans,Summer,Morocco,Asia,12
Men's Clothing,Jeans,Summer,Kenya,Europe,25
Men's Clothing,Jeans,Winter,Kenya,Europe,14
Men's Clothing,Jeans,Summer,Kenya,Europe,8
Men's Clothing,Jeans,Summer,China,Australia,23
Men's Clothing,Jeans,Winter,Morocco,Asia,16
Men's Clothing,Jeans,Winter,Morocco,Asia,13
Men's Clothing,Jeans,Winter,Nigeria,America,9
Men's Clothing,Innerwear,Summer,South Africa,Africa,8
Men's Clothing,Innerwear,Winter,Nigeria,America,20
Men's Clothing,Innerwear,Rainy,China,Australia,14
Men's Clothing,Innerwear,Rainy,Morocco,Asia,10
Men's Clothing,Innerwear,Summer,South Africa,Africa,13
Men's Clothing,Innerwear,Summer,Morocco,Asia,11
Men's Clothing,Innerwear,Rainy,Kenya,Europe,9
Men's Clothing,Innerwear,Rainy,Morocco,Asia,25
Men's Clothing,Innerwear,Rainy,Nigeria,America,16
Men's Clothing,Innerwear,Summer,Morocco,Asia,18
Men's Clothing,Watches,Summer,China,Australia,23
Men's Clothing,Watches,Winter,Nigeria,America,19
Men's Clothing,Watches,Rainy,Nigeria,America,10
Men's Clothing,Watches,Summer,Kenya,Europe,18
Men's Clothing,Watches,Summer,Morocco,Asia,25
Men's Clothing,Watches,Rainy,Kenya,Europe,25
Men's Clothing,Watches,Summer,China,Australia,5
Men's Clothing,Watches,Rainy,South Africa,Africa,25
Men's Clothing,Watches,Rainy,Kenya,Europe,18
Men's Clothing,Watches,Rainy,South Africa,Africa,15
Men's Clothing,Bags & Luggage,Summer,Kenya,Europe,5
Men's Clothing,Bags & Luggage,Rainy,South Africa,Africa,17
Men's Clothing,Bags & Luggage,Summer,South Africa,Africa,16
Men's Clothing,Bags & Luggage,Winter,Nigeria,America,6
Men's Clothing,Bags & Luggage,Winter,China,Australia,7
Men's Clothing,Bags & Luggage,Winter,South Africa,Africa,24
Men's Clothing,Bags & Luggage,Rainy,China,Australia,21
Men's Clothing,Bags & Luggage,Rainy,China,Australia,20
Men's Clothing,Bags & Luggage,Summer,South Africa,Africa,16
Men's Clothing,Bags & Luggage,Rainy,Kenya,Europe,6
Men's Clothing,Sunglasses,Winter,South Africa,Africa,25
Men's Clothing,Sunglasses,Winter,Morocco,Asia,5
Men's Clothing,Sunglasses,Winter,Nigeria,America,10
Men's Clothing,Sunglasses,Summer,Nigeria,America,9
Men's Clothing,Sunglasses,Rainy,South Africa,Africa,13
Men's Clothing,Sunglasses,Rainy,Nigeria,America,15
Men's Clothing,Sunglasses,Summer,South Africa,Africa,9
Men's Clothing,Sunglasses,Summer,Nigeria,America,6
Men's Clothing,Sunglasses,Rainy,Nigeria,America,11
Men's Clothing,Sunglasses,Winter,Nigeria,America,7
Men's Clothing,Jewellery,Rainy,Kenya,Europe,8
Men's Clothing,Jewellery,Summer,Nigeria,America,17
Men's Clothing,Jewellery,Rainy,Morocco,Asia,13
Men's Clothing,Jewellery,Summer,Kenya,Europe,17
Men's Clothing,Jewellery,Rainy,Nigeria,America,8
Men's Clothing,Jewellery,Winter,Kenya,Europe,25
Men's Clothing,Jewellery,Rainy,China,Australia,15
Men's Clothing,Jewellery,Summer,South Africa,Africa,13
Men's Clothing,Jewellery,Summer,South Africa,Africa,18
Men's Clothing,Jewellery,Winter,Kenya,Europe,6
Men's Clothing,Wallets,Rainy,South Africa,Africa,25
Men's Clothing,Wallets,Summer,Morocco,Asia,13
Men's Clothing,Wallets,Rainy,Kenya,Europe,13
Men's Clothing,Wallets,Winter,South Africa,Africa,10
Men's Clothing,Wallets,Rainy,South Africa,Africa,21
Men's Clothing,Wallets,Winter,Kenya,Europe,11
Men's Clothing,Wallets,Winter,Kenya,Europe,22
Men's Clothing,Wallets,Rainy,Kenya,Europe,12
Men's Clothing,Wallets,Summer,Morocco,Asia,13
Men's Clothing,Wallets,Winter,Kenya,Europe,7
Men's Clothing,Sportswear,Summer,Kenya,Europe,24
Men's Clothing,Sportswear,Summer,Kenya,Europe,19
Men's Clothing,Sportswear,Winter,Nigeria,America,8
Men's Clothing,Sportswear,Winter,Kenya,Europe,16
Men's Clothing,Sportswear,Summer,Morocco,Asia,22
Men's Clothing,Sportswear,Rainy,Morocco,Asia,19
Men's Clothing,Sportswear,Summer,Morocco,Asia,18
Men's Clothing,Sportswear,Summer,South Africa,Africa,23
Men's Clothing,Sportswear,Winter,Nigeria,America,8
Men's Clothing,Sportswear,Summer,Kenya,Europe,21
Women's Clothing,Western Wear,Rainy,Kenya,Europe,7
Women's Clothing,Western Wear,Summer,South Africa,Africa,22
Women's Clothing,Western Wear,Rainy,China,Australia,7
Women's Clothing,Western Wear,Winter,Morocco,Asia,9
Women's Clothing,Western Wear,Summer,Morocco,Asia,16
Women's Clothing,Western Wear,Summer,Morocco,Asia,12
Women's Clothing,Western Wear,Rainy,China,Australia,11
Women's Clothing,Western Wear,Rainy,Nigeria,America,23
Women's Clothing,Western Wear,Summer,Nigeria,America,13
Women's Clothing,Western Wear,Summer,Morocco,Asia,15
Women's Clothing,Ethnic Wear,Winter,Morocco,Asia,16
Women's Clothing,Ethnic Wear,Rainy,Nigeria,America,25
Women's Clothing,Ethnic Wear,Summer,Kenya,Europe,23
Women's Clothing,Ethnic Wear,Winter,South Africa,Africa,5
Women's Clothing,Ethnic Wear,Rainy,Morocco,Asia,11
Women's Clothing,Ethnic Wear,Winter,Nigeria,America,11
Women's Clothing,Ethnic Wear,Winter,South Africa,Africa,10
Women's Clothing,Ethnic Wear,Rainy,South Africa,Africa,19
Women's Clothing,Ethnic Wear,Rainy,Nigeria,America,14
Women's Clothing,Ethnic Wear,Rainy,South Africa,Africa,15
Women's Clothing,Lingerie & Nightwear,Rainy,China,Australia,23
Women's Clothing,Lingerie & Nightwear,Rainy,South Africa,Africa,6
Women's Clothing,Lingerie & Nightwear,Summer,South Africa,Africa,24
Women's Clothing,Lingerie & Nightwear,Winter,Kenya,Europe,9
Women's Clothing,Lingerie & Nightwear,Winter,China,Australia,17
Women's Clothing,Lingerie & Nightwear,Winter,Nigeria,America,5
Women's Clothing,Lingerie & Nightwear,Summer,Nigeria,America,20
Women's Clothing,Lingerie & Nightwear,Rainy,China,Australia,16
Women's Clothing,Lingerie & Nightwear,Rainy,China,Australia,24
Women's Clothing,Lingerie & Nightwear,Summer,South Africa,Africa,7
Women's Clothing,Watches,Rainy,Kenya,Europe,20
Women's Clothing,Watches,Summer,South Africa,Africa,18
Women's Clothing,Watches,Winter,China,Australia,17
Women's Clothing,Watches,Rainy,Morocco,Asia,19
Women's Clothing,Watches,Winter,South Africa,Africa,6
Women's Clothing,Watches,Winter,Nigeria,America,14
Women's Clothing,Watches,Summer,Kenya,Europe,16
Women's Clothing,Watches,Winter,South Africa,Africa,12
Women's Clothing,Watches,Summer,Kenya,Europe,11
Women's Clothing,Watches,Rainy,Kenya,Europe,7
Women's Clothing,Handbags & Clutches,Rainy,Kenya,Europe,9
Women's Clothing,Handbags & Clutches,Summer,South Africa,Africa,8
Women's Clothing,Handbags & Clutches,Summer,South Africa,Africa,21
Women's Clothing,Handbags & Clutches,Winter,South Africa,Africa,7
Women's Clothing,Handbags & Clutches,Winter,Kenya,Europe,5
Women's Clothing,Handbags & Clutches,Rainy,Nigeria,America,6
Women's Clothing,Handbags & Clutches,Winter,South Africa,Africa,14
Women's Clothing,Handbags & Clutches,Rainy,Kenya,Europe,16
Women's Clothing,Handbags & Clutches,Summer,Kenya,Europe,9
Women's Clothing,Handbags & Clutches,Summer,China,Australia,13
Women's Clothing,Gold & Diamond Jewellery,Rainy,Kenya,Europe,16
Women's Clothing,Gold & Diamond Jewellery,Rainy,Morocco,Asia,18
Women's Clothing,Gold & Diamond Jewellery,Rainy,South Africa,Africa,21
Women's Clothing,Gold & Diamond Jewellery,Rainy,Morocco,Asia,24
Women's Clothing,Gold & Diamond Jewellery,Winter,South Africa,Africa,24
Women's Clothing,Gold & Diamond Jewellery,Summer,Morocco,Asia,20
Women's Clothing,Gold & Diamond Jewellery,Rainy,Morocco,Asia,19
Women's Clothing,Gold & Diamond Jewellery,Rainy,South Africa,Africa,8
Women's Clothing,Gold & Diamond Jewellery,Summer,Kenya,Europe,18
Women's Clothing,Gold & Diamond Jewellery,Winter,South Africa,Africa,24
Women's Clothing,Fashion & Silver Jewellery,Summer,Morocco,Asia,6
Women's Clothing,Fashion & Silver Jewellery,Rainy,Morocco,Asia,9
Women's Clothing,Fashion & Silver Jewellery,Rainy,Nigeria,America,18
Women's Clothing,Fashion & Silver Jewellery,Winter,Nigeria,America,22
Women's Clothing,Fashion & Silver Jewellery,Winter,China,Australia,25
Women's Clothing,Fashion & Silver Jewellery,Rainy,Kenya,Europe,14
Women's Clothing,Fashion & Silver Jewellery,Winter,South Africa,Africa,23
Women's Clothing,Fashion & Silver Jewellery,Summer,Kenya,Europe,11
Women's Clothing,Fashion & Silver Jewellery,Rainy,South Africa,Africa,7
Women's Clothing,Fashion & Silver Jewellery,Rainy,South Africa,Africa,18
Women's Clothing,Sunglasses,Rainy,Nigeria,America,22
Women's Clothing,Sunglasses,Winter,Morocco,Asia,8
Women's Clothing,Sunglasses,Rainy,South Africa,Africa,7
Women's Clothing,Sunglasses,Winter,China,Australia,16
Women's Clothing,Sunglasses,Summer,China,Australia,16
Women's Clothing,Sunglasses,Rainy,Morocco,Asia,16
Women's Clothing,Sunglasses,Rainy,China,Australia,20
Women's Clothing,Sunglasses,Rainy,South Africa,Africa,18
Women's Clothing,Sunglasses,Rainy,China,Australia,21
Women's Clothing,Sunglasses,Rainy,South Africa,Africa,6
Women's Clothing,Fashion Sandals,Rainy,Kenya,Europe,24
Women's Clothing,Fashion Sandals,Winter,China,Australia,8
Women's Clothing,Fashion Sandals,Summer,Morocco,Asia,11
Women's Clothing,Fashion Sandals,Winter,Kenya,Europe,12
Women's Clothing,Fashion Sandals,Rainy,Kenya,Europe,20
Women's Clothing,Fashion Sandals,Rainy,Nigeria,America,11
Women's Clothing,Fashion Sandals,Summer,China,Australia,6
Women's Clothing,Fashion Sandals,Summer,Nigeria,America,24
Women's Clothing,Fashion Sandals,Summer,Nigeria,America,8
Women's Clothing,Fashion Sandals,Rainy,Nigeria,America,16
Women's Clothing,Ballerinas,Winter,Nigeria,America,13
Women's Clothing,Ballerinas,Rainy,South Africa,Africa,13
Women's Clothing,Ballerinas,Winter,South Africa,Africa,10
Women's Clothing,Ballerinas,Summer,Kenya,Europe,17
Women's Clothing,Ballerinas,Rainy,Nigeria,America,23
Women's Clothing,Ballerinas,Winter,South Africa,Africa,17
Women's Clothing,Ballerinas,Summer,Morocco,Asia,18
Women's Clothing,Ballerinas,Winter,South Africa,Africa,9
Women's Clothing,Ballerinas,Winter,South Africa,Africa,20
Women's Clothing,Ballerinas,Winter,Nigeria,America,21
Women's Clothing,The Designer Boutique,Winter,China,Australia,15
Women's Clothing,The Designer Boutique,Winter,Morocco,Asia,16
Women's Clothing,The Designer Boutique,Winter,China,Australia,25
Women's Clothing,The Designer Boutique,Rainy,China,Australia,16
Women's Clothing,The Designer Boutique,Rainy,Kenya,Europe,14
Women's Clothing,The Designer Boutique,Summer,South Africa,Africa,19
Women's Clothing,The Designer Boutique,Rainy,Morocco,Asia,11
Women's Clothing,The Designer Boutique,Summer,Kenya,Europe,9
Women's Clothing,The Designer Boutique,Summer,Nigeria,America,14
Women's Clothing,The Designer Boutique,Rainy,Kenya,Europe,22
Women's Clothing,Handloom & Handicraft Store,Winter,Kenya,Europe,21
Women's Clothing,Handloom & Handicraft Store,Winter,Morocco,Asia,9
Women's Clothing,Handloom & Handicraft Store,Winter,China,Australia,21
Women's Clothing,Handloom & Handicraft Store,Summer,Kenya,Europe,10
Women's Clothing,Handloom & Handicraft Store,Summer,China,Australia,6
Women's Clothing,Handloom & Handicraft Store,Summer,Nigeria,America,21
Women's Clothing,Handloom & Handicraft Store,Rainy,Kenya,Europe,18
Women's Clothing,Handloom & Handicraft Store,Rainy,Nigeria,America,22
Women's Clothing,Handloom & Handicraft Store,Rainy,South Africa,Africa,14
Women's Clothing,Handloom & Handicraft Store,Rainy,Nigeria,America,18
Women's Clothing,Sportswear,Summer,Morocco,Asia,6
Women's Clothing,Sportswear,Rainy,South Africa,Africa,6
Women's Clothing,Sportswear,Winter,Morocco,Asia,18
Women's Clothing,Sportswear,Summer,China,Australia,25
Women's Clothing,Sportswear,Summer,China,Australia,14
Women's Clothing,Sportswear,Rainy,China,Australia,19
Women's Clothing,Sportswear,Winter,Nigeria,America,13
Women's Clothing,Sportswear,Rainy,Nigeria,America,7
Women's Clothing,Sportswear,Winter,Nigeria,America,24
Women's Clothing,Sportswear,Winter,South Africa,Africa,16
Kids Collection,Toys & Games,Winter,South Africa,Africa,23
Kids Collection,Toys & Games,Rainy,South Africa,Africa,15
Kids Collection,Toys & Games,Summer,Kenya,Europe,9
Kids Collection,Toys & Games,Rainy,Nigeria,America,22
Kids Collection,Toys & Games,Winter,Nigeria,America,19
Kids Collection,Toys & Games,Summer,Morocco,Asia,21
Kids Collection,Toys & Games,Summer,China,Australia,23
Kids Collection,Toys & Games,Winter,Kenya,Europe,10
Kids Collection,Toys & Games,Winter,Kenya,Europe,18
Kids Collection,Toys & Games,Rainy,Morocco,Asia,13
Kids Collection,Baby Products,Winter,Morocco,Asia,5
Kids Collection,Baby Products,Rainy,Morocco,Asia,10
Kids Collection,Baby Products,Rainy,Nigeria,America,10
Kids Collection,Baby Products,Rainy,South Africa,Africa,21
Kids Collection,Baby Products,Winter,Morocco,Asia,9
Kids Collection,Baby Products,Rainy,Nigeria,America,23
Kids Collection,Baby Products,Summer,Morocco,Asia,6
Kids Collection,Baby Products,Summer,Nigeria,America,10
Kids Collection,Baby Products,Rainy,China,Australia,13
Kids Collection,Baby Products,Winter,Nigeria,America,14
Kids Collection,Diapers,Winter,China,Australia,7
Kids Collection,Diapers,Winter,Morocco,Asia,5
Kids Collection,Diapers,Summer,China,Australia,20
Kids Collection,Diapers,Summer,Nigeria,America,9
Kids Collection,Diapers,Rainy,Morocco,Asia,11
Kids Collection,Diapers,Summer,Morocco,Asia,11
Kids Collection,Diapers,Summer,South Africa,Africa,25
Kids Collection,Diapers,Summer,South Africa,Africa,14
Kids Collection,Diapers,Winter,South Africa,Africa,23
Kids Collection,Diapers,Winter,Nigeria,America,12
Kids Collection,"Baby Bath, Skin & Grooming",Rainy,Kenya,Europe,13
Kids Collection,"Baby Bath, Skin & Grooming",Winter,China,Australia,6
Kids Collection,"Baby Bath, Skin & Grooming",Winter,Morocco,Asia,9
Kids Collection,"Baby Bath, Skin & Grooming",Summer,Kenya,Europe,15
Kids Collection,"Baby Bath, Skin & Grooming",Rainy,Morocco,Asia,15
Kids Collection,"Baby Bath, Skin & Grooming",Winter,South Africa,Africa,22
Kids Collection,"Baby Bath, Skin & Grooming",Rainy,Morocco,Asia,22
Kids Collection,"Baby Bath, Skin & Grooming",Summer,Morocco,Asia,11
Kids Collection,"Baby Bath, Skin & Grooming",Rainy,South Africa,Africa,16
Kids Collection,"Baby Bath, Skin & Grooming",Rainy,China,Australia,19
Kids Collection,Strollers & Prams,Summer,Kenya,Europe,24
Kids Collection,Strollers & Prams,Rainy,Kenya,Europe,24
Kids Collection,Strollers & Prams,Winter,Kenya,Europe,19
Kids Collection,Strollers & Prams,Winter,Morocco,Asia,21
Kids Collection,Strollers & Prams,Winter,South Africa,Africa,10
Kids Collection,Strollers & Prams,Rainy,Morocco,Asia,23
Kids Collection,Strollers & Prams,Rainy,China,Australia,23
Kids Collection,Strollers & Prams,Rainy,South Africa,Africa,23
Kids Collection,Strollers & Prams,Winter,Kenya,Europe,11
Kids Collection,Strollers & Prams,Winter,Kenya,Europe,8
Kids Collection,Nursing & Feeding,Winter,Kenya,Europe,20
Kids Collection,Nursing & Feeding,Rainy,Morocco,Asia,17
Kids Collection,Nursing & Feeding,Winter,Morocco,Asia,5
Kids Collection,Nursing & Feeding,Winter,South Africa,Africa,13
Kids Collection,Nursing & Feeding,Rainy,Kenya,Europe,9
Kids Collection,Nursing & Feeding,Rainy,South Africa,Africa,22
Kids Collection,Nursing & Feeding,Winter,South Africa,Africa,23
Kids Collection,Nursing & Feeding,Winter,Kenya,Europe,24
Kids Collection,Nursing & Feeding,Rainy,China,Australia,14
Kids Collection,Nursing & Feeding,Winter,China,Australia,11
Kids Collection,Kids' Clothing,Rainy,Nigeria,America,19
Kids Collection,Kids' Clothing,Rainy,Kenya,Europe,15
Kids Collection,Kids' Clothing,Rainy,Morocco,Asia,7
Kids Collection,Kids' Clothing,Rainy,Kenya,Europe,24
Kids Collection,Kids' Clothing,Summer,Morocco,Asia,18
Kids Collection,Kids' Clothing,Winter,China,Australia,6
Kids Collection,Kids' Clothing,Winter,Morocco,Asia,16
Kids Collection,Kids' Clothing,Rainy,South Africa,Africa,6
Kids Collection,Kids' Clothing,Summer,China,Australia,8
Kids Collection,Kids' Clothing,Summer,Nigeria,America,21
Kids Collection,Kids' Shoes,Rainy,China,Australia,17
Kids Collection,Kids' Shoes,Rainy,South Africa,Africa,10
Kids Collection,Kids' Shoes,Summer,Morocco,Asia,21
Kids Collection,Kids' Shoes,Winter,Kenya,Europe,16
Kids Collection,Kids' Shoes,Summer,Kenya,Europe,25
Kids Collection,Kids' Shoes,Summer,Nigeria,America,15
Kids Collection,Kids' Shoes,Rainy,Nigeria,America,8
Kids Collection,Kids' Shoes,Rainy,Morocco,Asia,16
Kids Collection,Kids' Shoes,Winter,South Africa,Africa,16
Kids Collection,Kids' Shoes,Summer,Kenya,Europe,13
Kids Collection,School Bags,Winter,Morocco,Asia,22
Kids Collection,School Bags,Summer,China,Australia,7
Kids Collection,School Bags,Summer,Nigeria,America,8
Kids Collection,School Bags,Rainy,China,Australia,24
Kids Collection,School Bags,Rainy,South Africa,Africa,6
Kids Collection,School Bags,Rainy,China,Australia,22
Kids Collection,School Bags,Rainy,South Africa,Africa,25
Kids Collection,School Bags,Summer,China,Australia,24
Kids Collection,School Bags,Summer,Nigeria,America,15
Kids Collection,School Bags,Rainy,South Africa,Africa,7
Kids Collection,Kids' Watches,Rainy,Nigeria,America,22
Kids Collection,Kids' Watches,Rainy,South Africa,Africa,17
Kids Collection,Kids' Watches,Rainy,China,Australia,10
Kids Collection,Kids' Watches,Summer,South Africa,Africa,24
Kids Collection,Kids' Watches,Summer,Morocco,Asia,15
Kids Collection,Kids' Watches,Rainy,China,Australia,5
Kids Collection,Kids' Watches,Summer,Nigeria,America,7
Kids Collection,Kids' Watches,Summer,Kenya,Europe,7
Kids Collection,Kids' Watches,Winter,South Africa,Africa,13
Kids Collection,Kids' Watches,Rainy,China,Australia,22
Kids Collection,Kids' Fashion,Summer,Kenya,Europe,18
Kids Collection,Kids' Fashion,Summer,China,Australia,15
Kids Collection,Kids' Fashion,Winter,Nigeria,America,23
Kids Collection,Kids' Fashion,Rainy,South Africa,Africa,23
Kids Collection,Kids' Fashion,Rainy,Kenya,Europe,6
Kids Collection,Kids' Fashion,Winter,South Africa,Africa,25
Kids Collection,Kids' Fashion,Winter,Kenya,Europe,25
Kids Collection,Kids' Fashion,Winter,Morocco,Asia,13
Kids Collection,Kids' Fashion,Rainy,Kenya,Europe,5
Kids Collection,Kids' Fashion,Summer,Kenya,Europe,24
Kids Collection,Baby Fashion,Winter,South Africa,Africa,15
Kids Collection,Baby Fashion,Summer,South Africa,Africa,7
Kids Collection,Baby Fashion,Summer,South Africa,Africa,25
Kids Collection,Baby Fashion,Winter,Morocco,Asia,7
Kids Collection,Baby Fashion,Winter,Nigeria,America,15
Kids Colection,Baby Fashion,Winter,Nigeria,America,10
Kids Collection,Baby Fashion,Summer,Kenya,Europe,20
Kids Collection,Baby Fashion,Summer,China,Australia,19
Kids Collection,Baby Fashion,Winter,Kenya,Europe,16
Kids Collection,Baby Fashion,Winter,Kenya,Europe,23
Books,Fiction Books,Rainy,South Africa,Africa,15
Books,Fiction Books,Winter,China,Australia,20
Books,Fiction Books,Summer,Morocco,Asia,6
Books,Fiction Books,Rainy,China,Australia,18
Books,Fiction Books,Rainy,Morocco,Asia,18
Books,Fiction Books,Rainy,South Africa,Africa,18
Books,Fiction Books,Summer,Kenya,Europe,8
Books,Fiction Books,Rainy,China,Australia,9
Books,Fiction Books,Rainy,Nigeria,America,15
Books,Fiction Books,Summer,Nigeria,America,16
Books,Editor's Corner,Summer,South Africa,Africa,18
Books,Editor's Corner,Winter,Morocco,Asia,13
Books,Editor's Corner,Rainy,Nigeria,America,10
Books,Editor's Corner,Summer,Kenya,Europe,13
Books,Editor's Corner,Rainy,Nigeria,America,6
Books,Editor's Corner,Summer,Kenya,Europe,18
Books,Editor's Corner,Summer,Kenya,Europe,21
Books,Editor's Corner,Winter,Kenya,Europe,20
Books,Editor's Corner,Winter,Morocco,Asia,5
Books,Editor's Corner,Winter,Kenya,Europe,15
Books,School Textbooks,Rainy,South Africa,Africa,16
Books,School Textbooks,Winter,Morocco,Asia,17
Books,School Textbooks,Winter,South Africa,Africa,23
Books,School Textbooks,Summer,Nigeria,America,15
Books,School Textbooks,Winter,Kenya,Europe,13
Books,School Textbooks,Rainy,Nigeria,America,15
Books,School Textbooks,Rainy,China,Australia,10
Books,School Textbooks,Rainy,China,Australia,17
Books,School Textbooks,Rainy,Kenya,Europe,22
Books,School Textbooks,Winter,China,Australia,17
Books,Children's Books,Winter,Kenya,Europe,24
Books,Children's Books,Winter,Morocco,Asia,21
Books,Children's Books,Summer,China,Australia,11
Books,Children's Books,Rainy,Nigeria,America,12
Books,Children's Books,Summer,Nigeria,America,15
Books,Children's Books,Winter,Nigeria,America,19
Books,Children's Books,Summer,Morocco,Asia,9
Books,Children's Books,Summer,Kenya,Europe,13
Books,Children's Books,Summer,Nigeria,America,7
Books,Children's Books,Winter,Nigeria,America,15
Books,Exam Central,Rainy,Kenya,Europe,6
Books,Exam Central,Summer,China,Australia,7
Books,Exam Central,Summer,Morocco,Asia,5
Books,Exam Central,Summer,South Africa,Africa,8
Books,Exam Central,Rainy,South Africa,Africa,17
Books,Exam Central,Rainy,Kenya,Europe,20
Books,Exam Central,Summer,South Africa,Africa,21
Books,Exam Central,Winter,China,Australia,25
Books,Exam Central,Winter,China,Australia,23
Books,Exam Central,Rainy,China,Australia,19
Books,Textbooks,Winter,Nigeria,America,10
Books,Textbooks,Winter,South Africa,Africa,23
Books,Textbooks,Rainy,South Africa,Africa,16
Books,Textbooks,Winter,Morocco,Asia,5
Books,Textbooks,Winter,Kenya,Europe,5
Books,Textbooks,Rainy,China,Australia,15
Books,Textbooks,Rainy,China,Australia,21
Books,Textbooks,Rainy,Morocco,Asia,12
Books,Textbooks,Rainy,South Africa,Africa,18
Books,Textbooks,Winter,Kenya,Europe,14
Books,Indian Language Books,Summer,Kenya,Europe,12
Books,Indian Language Books,Rainy,Nigeria,America,12
Books,Indian Language Books,Rainy,Nigeria,America,20
Books,Indian Language Books,Rainy,Morocco,Asia,11
Books,Indian Language Books,Summer,Nigeria,America,8
Books,Indian Language Books,Rainy,Kenya,Europe,21
Books,Indian Language Books,Summer,Nigeria,America,22
Books,Indian Language Books,Summer,South Africa,Africa,20
Books,Indian Language Books,Winter,Nigeria,America,20
Books,Indian Language Books,Summer,China,Australia,18
Books,Used Books,Rainy,Morocco,Asia,8
Books,Used Books,Winter,Kenya,Europe,8
Books,Used Books,Rainy,China,Australia,23
Books,Used Books,Summer,Kenya,Europe,10
Books,Used Books,Rainy,South Africa,Africa,14
Books,Used Books,Rainy,China,Australia,5
Books,Used Books,Rainy,Nigeria,America,6
Books,Used Books,Rainy,China,Australia,20
Books,Used Books,Rainy,Kenya,Europe,5
Books,Used Books,Winter,Nigeria,America,25
Books,Kindle eBooks,Rainy,China,Australia,13
Books,Kindle eBooks,Summer,Kenya,Europe,10
Books,Kindle eBooks,Winter,Kenya,Europe,21
Books,Kindle eBooks,Rainy,Nigeria,America,23
Books,Kindle eBooks,Rainy,Kenya,Europe,17
Books,Kindle eBooks,Summer,Nigeria,America,17
Books,Kindle eBooks,Rainy,Morocco,Asia,18
Books,Kindle eBooks,Summer,Morocco,Asia,10
Books,Kindle eBooks,Rainy,Morocco,Asia,25
Books,Kindle eBooks,Rainy,South Africa,Africa,6
Hardware,Ladders,Winter,Kenya,Europe,17
Hardware,Ladders,Winter,Morocco,Asia,20
Hardware,Ladders,Winter,China,Australia,21
Hardware,Ladders,Summer,Morocco,Asia,21
Hardware,Ladders,Winter,China,Australia,24
Hardware,Ladders,Rainy,China,Australia,10
Hardware,Ladders,Winter,Morocco,Asia,19
Hardware,Ladders,Winter,Nigeria,America,20
Hardware,Ladders,Winter,China,Australia,12
Hardware,Ladders,Rainy,South Africa,Africa,23
Hardware,Door Hardware & Locks,Rainy,Morocco,Asia,20
Hardware,Door Hardware & Locks,Winter,Nigeria,America,12
Hardware,Door Hardware & Locks,Rainy,Kenya,Europe,19
Hardware,Door Hardware & Locks,Summer,Nigeria,America,12
Hardware,Door Hardware & Locks,Winter,South Africa,Africa,24
Hardware,Door Hardware & Locks,Winter,Morocco,Asia,16
Hardware,Door Hardware & Locks,Winter,South Africa,Africa,9
Hardware,Door Hardware & Locks,Rainy,Morocco,Asia,13
Hardware,Door Hardware & Locks,Winter,Nigeria,America,13
Hardware,Door Hardware & Locks,Summer,China,Australia,20
Hardware,Bathroom Hardware,Summer,Morocco,Asia,8
Hardware,Bathroom Hardware,Rainy,Morocco,Asia,21
Hardware,Bathroom Hardware,Rainy,China,Australia,21
Hardware,Bathroom Hardware,Rainy,Morocco,Asia,15
Hardware,Bathroom Hardware,Winter,Morocco,Asia,23
Hardware,Bathroom Hardware,Rainy,Morocco,Asia,6
Hardware,Bathroom Hardware,Rainy,Kenya,Europe,5
Hardware,Bathroom Hardware,Summer,South Africa,Africa,16
Hardware,Bathroom Hardware,Summer,Kenya,Europe,8
Hardware,Bathroom Hardware,Rainy,Kenya,Europe,12
Hardware,"Tapes, Adhesives & Sealers",Rainy,Kenya,Europe,18
Hardware,"Tapes, Adhesives & Sealers",Rainy,Kenya,Europe,14
Hardware,"Tapes, Adhesives & Sealers",Summer,China,Australia,6
Hardware,"Tapes, Adhesives & Sealers",Winter,Morocco,Asia,10
Hardware,"Tapes, Adhesives & Sealers",Rainy,South Africa,Africa,16
Hardware,"Tapes, Adhesives & Sealers",Summer,Nigeria,America,24
Hardware,"Tapes, Adhesives & Sealers",Summer,Nigeria,America,17
Hardware,"Tapes, Adhesives & Sealers",Summer,Morocco,Asia,6
Hardware,"Tapes, Adhesives & Sealers",Winter,South Africa,Africa,7
Hardware,"Tapes, Adhesives & Sealers",Summer,South Africa,Africa,18
Hardware,Cabinet Hardware,Rainy,South Africa,Africa,10
Hardware,Cabinet Hardware,Rainy,China,Australia,14
Hardware,Cabinet Hardware,Winter,South Africa,Africa,23
Hardware,Cabinet Hardware,Summer,South Africa,Africa,13
Hardware,Cabinet Hardware,Rainy,Morocco,Asia,14
Hardware,Cabinet Hardware,Rainy,South Africa,Africa,16
Hardware,Cabinet Hardware,Rainy,South Africa,Africa,19
Hardware,Cabinet Hardware,Winter,China,Australia,24
Hardware,Cabinet Hardware,Summer,China,Australia,12
Hardware,Cabinet Hardware,Winter,Morocco,Asia,25
Hardware,Window Hardware,Rainy,South Africa,Africa,25
Hardware,Window Hardware,Winter,South Africa,Africa,9
Hardware,Window Hardware,Summer,South Africa,Africa,17
Hardware,Window Hardware,Summer,Morocco,Asia,14
Hardware,Window Hardware,Winter,China,Australia,17
Hardware,Window Hardware,Rainy,China,Australia,6
Hardware,Window Hardware,Rainy,South Africa,Africa,15
Hardware,Window Hardware,Winter,South Africa,Africa,7
Hardware,Window Hardware,Rainy,South Africa,Africa,22
Hardware,Window Hardware,Rainy,China,Australia,10
Hardware,Furniture Hardware,Summer,China,Australia,10
Hardware,Furniture Hardware,Rainy,Morocco,Asia,5
Hardware,Furniture Hardware,Winter,Kenya,Europe,24
Hardware,Furniture Hardware,Winter,Morocco,Asia,11
Hardware,Furniture Hardware,Rainy,Nigeria,America,19
Hardware,Furniture Hardware,Summer,South Africa,Africa,9
Hardware,Furniture Hardware,Winter,Nigeria,America,21
Hardware,Furniture Hardware,Summer,South Africa,Africa,8
Hardware,Furniture Hardware,Rainy,Kenya,Europe,9
Hardware,Furniture Hardware,Winter,Morocco,Asia,25
Hardware,Hooks,Rainy,South Africa,Africa,12
Hardware,Hooks,Winter,Nigeria,America,22
Hardware,Hooks,Summer,China,Australia,10
Hardware,Hooks,Winter,Kenya,Europe,5
Hardware,Hooks,Rainy,Nigeria,America,25
Hardware,Hooks,Winter,China,Australia,21
Hardware,Hooks,Summer,South Africa,Africa,21
Hardware,Hooks,Winter,Morocco,Asia,24
Hardware,Hooks,Summer,Nigeria,America,5
Hardware,Hooks,Rainy,South Africa,Africa,18
Hardware,Address Numbers & Plaques,Summer,South Africa,Africa,15
Hardware,Address Numbers & Plaques,Summer,Kenya,Europe,8
Hardware,Address Numbers & Plaques,Winter,Kenya,Europe,22
Hardware,Address Numbers & Plaques,Rainy,China,Australia,19
Hardware,Address Numbers & Plaques,Rainy,South Africa,Africa,12
Hardware,Address Numbers & Plaques,Winter,China,Australia,5
Hardware,Address Numbers & Plaques,Summer,South Africa,Africa,15
Hardware,Address Numbers & Plaques,Rainy,Nigeria,America,15
Hardware,Address Numbers & Plaques,Winter,Nigeria,America,10
Hardware,Address Numbers & Plaques,Summer,South Africa,Africa,13
Hardware,Padlocks & Hasps,Rainy,Kenya,Europe,17
Hardware,Padlocks & Hasps,Summer,Kenya,Europe,7
Hardware,Padlocks & Hasps,Rainy,Morocco,Asia,18
Hardware,Padlocks & Hasps,Rainy,China,Australia,23
Hardware,Padlocks & Hasps,Rainy,Morocco,Asia,10
Hardware,Padlocks & Hasps,Summer,Kenya,Europe,16
Hardware,Padlocks & Hasps,Winter,South Africa,Africa,16
Hardware,Padlocks & Hasps,Rainy,South Africa,Africa,11
Hardware,Padlocks & Hasps,Winter,China,Australia,11
Hardware,Padlocks & Hasps,Summer,Nigeria,America,8
Hardware,Mailboxes,Summer,Kenya,Europe,22
Hardware,Mailboxes,Summer,South Africa,Africa,24
Hardware,Mailboxes,Winter,South Africa,Africa,20
Hardware,Mailboxes,Summer,China,Australia,9
Hardware,Mailboxes,Winter,China,Australia,20
Hardware,Mailboxes,Summer,South Africa,Africa,8
Hardware,Mailboxes,Winter,Kenya,Europe,22
Hardware,Mailboxes,Rainy,Nigeria,America,13
Hardware,Mailboxes,Summer,China,Australia,9
Hardware,Mailboxes,Rainy,Nigeria,America,8
Hardware,Gate Hardware,Rainy,China,Australia,11
Hardware,Gate Hardware,Winter,South Africa,Africa,7
Hardware,Gate Hardware,Winter,Morocco,Asia,20
Hardware,Gate Hardware,Rainy,Morocco,Asia,14
Hardware,Gate Hardware,Rainy,South Africa,Africa,22
Hardware,Gate Hardware,Winter,South Africa,Africa,6
Hardware,Gate Hardware,Winter,South Africa,Africa,10
Hardware,Gate Hardware,Winter,South Africa,Africa,21
Hardware,Gate Hardware,Winter,South Africa,Africa,6
Hardware,Gate Hardware,Winter,Kenya,Europe,21
Constructiuon supplies,Cement,Rainy,China,Australia,6
Constructiuon supplies,Cement,Winter,Morocco,Asia,10
Constructiuon supplies,Cement,Summer,Morocco,Asia,13
Constructiuon supplies,Cement,Summer,Nigeria,America,23
Constructiuon supplies,Cement,Winter,China,Australia,8
Constructiuon supplies,Cement,Summer,Kenya,Europe,16
Constructiuon supplies,Cement,Summer,Nigeria,America,17
Constructiuon supplies,Cement,Winter,Nigeria,America,24
Constructiuon supplies,Cement,Summer,South Africa,Africa,11
Constructiuon supplies,Cement,Winter,South Africa,Africa,16
Constructiuon supplies,Sand & Aggregates,Summer,China,Australia,20
Constructiuon supplies,Sand & Aggregates,Rainy,China,Australia,19
Constructiuon supplies,Sand & Aggregates,Winter,Morocco,Asia,22
Constructiuon supplies,Sand & Aggregates,Summer,Kenya,Europe,5
Constructiuon supplies,Sand & Aggregates,Summer,China,Australia,11
Constructiuon supplies,Sand & Aggregates,Rainy,South Africa,Africa,15
Constructiuon supplies,Sand & Aggregates,Rainy,Nigeria,America,13
Constructiuon supplies,Sand & Aggregates,Summer,Morocco,Asia,19
Constructiuon supplies,Sand & Aggregates,Summer,South Africa,Africa,16
Constructiuon supplies,Sand & Aggregates,Rainy,Morocco,Asia,7
Constructiuon supplies,TMT Steel Bars,Summer,Nigeria,America,22
Constructiuon supplies,TMT Steel Bars,Rainy,China,Australia,11
Constructiuon supplies,TMT Steel Bars,Summer,Morocco,Asia,16
Constructiuon supplies,TMT Steel Bars,Winter,China,Australia,9
Constructiuon supplies,TMT Steel Bars,Summer,Nigeria,America,24
Constructiuon supplies,TMT Steel Bars,Winter,China,Australia,8
Constructiuon supplies,TMT Steel Bars,Summer,Nigeria,America,22
Constructiuon supplies,TMT Steel Bars,Rainy,China,Australia,7
Constructiuon supplies,TMT Steel Bars,Summer,Morocco,Asia,24
Constructiuon supplies,TMT Steel Bars,Summer,South Africa,Africa,19
Constructiuon supplies,Bricks & Blocks,Rainy,South Africa,Africa,16
Constructiuon supplies,Bricks & Blocks,Winter,South Africa,Africa,6
Constructiuon supplies,Bricks & Blocks,Summer,South Africa,Africa,23
Constructiuon supplies,Bricks & Blocks,Summer,Kenya,Europe,5
Constructiuon supplies,Bricks & Blocks,Winter,Kenya,Europe,18
Constructiuon supplies,Bricks & Blocks,Winter,Nigeria,America,9
Constructiuon supplies,Bricks & Blocks,Summer,Morocco,Asia,24
Constructiuon supplies,Bricks & Blocks,Summer,South Africa,Africa,5
Constructiuon supplies,Bricks & Blocks,Rainy,Morocco,Asia,5
Constructiuon supplies,Bricks & Blocks,Rainy,Kenya,Europe,21
Constructiuon supplies,Electrical,Summer,Kenya,Europe,17
Constructiuon supplies,Electrical,Rainy,Morocco,Asia,23
Constructiuon supplies,Electrical,Summer,Kenya,Europe,8
Constructiuon supplies,Electrical,Winter,China,Australia,18
Constructiuon supplies,Electrical,Winter,China,Australia,19
Constructiuon supplies,Electrical,Rainy,South Africa,Africa,12
Constructiuon supplies,Electrical,Summer,China,Australia,16
Constructiuon supplies,Electrical,Winter,Nigeria,America,18
Constructiuon supplies,Electrical,Winter,South Africa,Africa,11
Constructiuon supplies,Electrical,Summer,Kenya,Europe,6
Constructiuon supplies,Plumbing,Rainy,Kenya,Europe,10
Constructiuon supplies,Plumbing,Summer,Kenya,Europe,24
Constructiuon supplies,Plumbing,Summer,Kenya,Europe,14
Constructiuon supplies,Plumbing,Winter,China,Australia,5
Constructiuon supplies,Plumbing,Rainy,South Africa,Africa,7
Constructiuon supplies,Plumbing,Summer,China,Australia,20
Constructiuon supplies,Plumbing,Winter,South Africa,Africa,5
Constructiuon supplies,Plumbing,Summer,Morocco,Asia,17
Constructiuon supplies,Plumbing,Summer,Morocco,Asia,14
Constructiuon supplies,Plumbing,Winter,Nigeria,America,7
Constructiuon supplies,Wooden Products,Summer,South Africa,Africa,16
Constructiuon supplies,Wooden Products,Summer,Nigeria,America,11
Constructiuon supplies,Wooden Products,Summer,China,Australia,9
Constructiuon supplies,Wooden Products,Rainy,South Africa,Africa,22
Constructiuon supplies,Wooden Products,Winter,China,Australia,21
Constructiuon supplies,Wooden Products,Winter,Nigeria,America,25
Constructiuon supplies,Wooden Products,Rainy,South Africa,Africa,11
Constructiuon supplies,Wooden Products,Summer,South Africa,Africa,20
Constructiuon supplies,Wooden Products,Summer,South Africa,Africa,12
Constructiuon supplies,Wooden Products,Summer,Morocco,Asia,23
Constructiuon supplies,Tiles,Summer,Kenya,Europe,9
Constructiuon supplies,Tiles,Rainy,Nigeria,America,13
Constructiuon supplies,Tiles,Winter,Morocco,Asia,12
Constructiuon supplies,Tiles,Rainy,Morocco,Asia,17
Constructiuon supplies,Tiles,Winter,Nigeria,America,18
Constructiuon supplies,Tiles,Rainy,Kenya,Europe,15
Constructiuon supplies,Tiles,Summer,South Africa,Africa,10
Constructiuon supplies,Tiles,Summer,China,Australia,21
Constructiuon supplies,Tiles,Winter,China,Australia,23
Constructiuon supplies,Tiles,Winter,Morocco,Asia,14
Constructiuon supplies,Bathroom Accessories,Winter,China,Australia,5
Constructiuon supplies,Bathroom Accessories,Summer,South Africa,Africa,7
Constructiuon supplies,Bathroom Accessories,Winter,Kenya,Europe,21
Constructiuon supplies,Bathroom Accessories,Winter,Kenya,Europe,9
Constructiuon supplies,Bathroom Accessories,Winter,Kenya,Europe,21
Constructiuon supplies,Bathroom Accessories,Summer,Morocco,Asia,6
Constructiuon supplies,Bathroom Accessories,Summer,Morocco,Asia,18
Constructiuon supplies,Bathroom Accessories,Rainy,China,Australia,8
Constructiuon supplies,Bathroom Accessories,Winter,Morocco,Asia,23
Constructiuon supplies,Bathroom Accessories,Winter,Morocco,Asia,8
Constructiuon supplies,Hardware Fixtures,Summer,Morocco,Asia,22
Constructiuon supplies,Hardware Fixtures,Rainy,Nigeria,America,5
Constructiuon supplies,Hardware Fixtures,Rainy,China,Australia,12
Constructiuon supplies,Hardware Fixtures,Summer,Morocco,Asia,20
Constructiuon supplies,Hardware Fixtures,Rainy,South Africa,Africa,13
Constructiuon supplies,Hardware Fixtures,Rainy,Kenya,Europe,7
Constructiuon supplies,Hardware Fixtures,Summer,Kenya,Europe,5
Constructiuon supplies,Hardware Fixtures,Winter,Nigeria,America,22
Constructiuon supplies,Hardware Fixtures,Rainy,Morocco,Asia,7
Constructiuon supplies,Hardware Fixtures,Summer,Nigeria,America,20
Constructiuon supplies,Paints & Finishes,Winter,Nigeria,America,9
Constructiuon supplies,Paints & Finishes,Summer,Morocco,Asia,20
Constructiuon supplies,Paints & Finishes,Winter,Morocco,Asia,16
Constructiuon supplies,Paints & Finishes,Rainy,Kenya,Europe,23
Constructiuon supplies,Paints & Finishes,Rainy,China,Australia,6
Constructiuon supplies,Paints & Finishes,Summer,South Africa,Africa,18
Constructiuon supplies,Paints & Finishes,Winter,Kenya,Europe,13
Constructiuon supplies,Paints & Finishes,Summer,Kenya,Europe,7
Constructiuon supplies,Paints & Finishes,Rainy,Kenya,Europe,25
Constructiuon supplies,Paints & Finishes,Winter,Kenya,Europe,25
Constructiuon supplies,Lighting & Fixtures,Winter,South Africa,Africa,20
Constructiuon supplies,Lighting & Fixtures,Winter,Nigeria,America,17
Constructiuon supplies,Lighting & Fixtures,Summer,China,Australia,18
Constructiuon supplies,Lighting & Fixtures,Summer,Morocco,Asia,25
Constructiuon supplies,Lighting & Fixtures,Winter,Kenya,Europe,14
Constructiuon supplies,Lighting & Fixtures,Summer,Nigeria,America,21
Constructiuon supplies,Lighting & Fixtures,Summer,South Africa,Africa,20
Constructiuon supplies,Lighting & Fixtures,Rainy,China,Australia,7
Constructiuon supplies,Lighting & Fixtures,Rainy,Kenya,Europe,22
Constructiuon supplies,Lighting & Fixtures,Summer,South Africa,Africa,18
Constructiuon supplies,Granites,Winter,Morocco,Asia,8
Constructiuon supplies,Granites,Winter,Kenya,Europe,22
Constructiuon supplies,Granites,Winter,Nigeria,America,20
Constructiuon supplies,Granites,Winter,China,Australia,22
Constructiuon supplies,Granites,Winter,Kenya,Europe,24
Constructiuon supplies,Granites,Winter,South Africa,Africa,5
Constructiuon supplies,Granites,Rainy,Nigeria,America,17
Constructiuon supplies,Granites,Summer,Kenya,Europe,8
Constructiuon supplies,Granites,Rainy,Kenya,Europe,25
Constructiuon supplies,Granites,Summer,China,Australia,23
Constructiuon supplies,Ready Mix Concrete,Rainy,China,Australia,19
Constructiuon supplies,Ready Mix Concrete,Summer,Kenya,Europe,22
Constructiuon supplies,Ready Mix Concrete,Rainy,Nigeria,America,14
Constructiuon supplies,Ready Mix Concrete,Rainy,South Africa,Africa,14
Constructiuon supplies,Ready Mix Concrete,Rainy,Kenya,Europe,10
Constructiuon supplies,Ready Mix Concrete,Winter,South Africa,Africa,14
Constructiuon supplies,Ready Mix Concrete,Summer,Kenya,Europe,15
Constructiuon supplies,Ready Mix Concrete,Summer,South Africa,Africa,6
Constructiuon supplies,Ready Mix Concrete,Rainy,Kenya,Europe,24
Constructiuon supplies,Ready Mix Concrete,Summer,Kenya,Europe,11
Grocery Store,Fresh Vegetables,Summer,Kenya,Europe,15
Grocery Store,Fresh Vegetables,Summer,China,Australia,5
Grocery Store,Fresh Vegetables,Summer,Kenya,Europe,25
Grocery Store,Fresh Vegetables,Rainy,Morocco,Asia,21
Grocery Store,Fresh Vegetables,Summer,Morocco,Asia,7
Grocery Store,Fresh Vegetables,Summer,China,Australia,11
Grocery Store,Fresh Vegetables,Summer,South Africa,Africa,24
Grocery Store,Fresh Vegetables,Winter,Nigeria,America,16
Grocery Store,Fresh Vegetables,Rainy,Nigeria,America,7
Grocery Store,Fresh Vegetables,Rainy,China,Australia,16
Grocery Store,Herbs & Seasonings,Rainy,Nigeria,America,25
Grocery Store,Herbs & Seasonings,Winter,Nigeria,America,8
Grocery Store,Herbs & Seasonings,Summer,Kenya,Europe,18
Grocery Store,Herbs & Seasonings,Rainy,Morocco,Asia,5
Grocery Store,Herbs & Seasonings,Winter,Nigeria,America,6
Grocery Store,Herbs & Seasonings,Winter,China,Australia,21
Grocery Store,Herbs & Seasonings,Winter,China,Australia,5
Grocery Store,Herbs & Seasonings,Winter,Kenya,Europe,13
Grocery Store,Herbs & Seasonings,Rainy,China,Australia,22
Grocery Store,Herbs & Seasonings,Summer,Kenya,Europe,5
Grocery Store,Fresh Fruits,Winter,Nigeria,America,13
Grocery Store,Fresh Fruits,Summer,Kenya,Europe,12
Grocery Store,Fresh Fruits,Summer,China,Australia,22
Grocery Store,Fresh Fruits,Summer,Kenya,Europe,12
Grocery Store,Fresh Fruits,Winter,Morocco,Asia,23
Grocery Store,Fresh Fruits,Winter,Kenya,Europe,22
Grocery Store,Fresh Fruits,Rainy,Morocco,Asia,23
Grocery Store,Fresh Fruits,Rainy,Morocco,Asia,16
Grocery Store,Fresh Fruits,Winter,Kenya,Europe,10
Grocery Store,Fresh Fruits,Winter,South Africa,Africa,8
Grocery Store,Exotic Fruits,Summer,China,Australia,15
Grocery Store,Exotic Fruits,Rainy,Kenya,Europe,11
Grocery Store,Exotic Fruits,Summer,China,Australia,17
Grocery Store,Exotic Fruits,Rainy,China,Australia,6
Grocery Store,Exotic Fruits,Winter,Kenya,Europe,10
Grocery Store,Exotic Fruits,Summer,Morocco,Asia,25
Grocery Store,Exotic Fruits,Summer,Nigeria,America,13
Grocery Store,Exotic Fruits,Winter,Morocco,Asia,16
Grocery Store,Exotic Fruits,Summer,China,Australia,8
Grocery Store,Exotic Fruits,Summer,South Africa,Africa,22
Grocery Store,Veggies Cuts,Rainy,Kenya,Europe,22
Grocery Store,Veggies Cuts,Rainy,Morocco,Asia,21
Grocery Store,Veggies Cuts,Summer,Nigeria,America,16
Grocery Store,Veggies Cuts,Summer,Nigeria,America,8
Grocery Store,Veggies Cuts,Summer,China,Australia,17
Grocery Store,Veggies Cuts,Winter,Nigeria,America,17
Grocery Store,Veggies Cuts,Winter,Nigeria,America,7
Grocery Store,Veggies Cuts,Rainy,Kenya,Europe,12
Grocery Store,Veggies Cuts,Winter,China,Australia,15
Grocery Store,Veggies Cuts,Rainy,Nigeria,America,16
Grocery Store,Sprouts Organic,Summer,Kenya,Europe,9
Grocery Store,Sprouts Organic,Summer,China,Australia,21
Grocery Store,Sprouts Organic,Rainy,Nigeria,America,5
Grocery Store,Sprouts Organic,Rainy,China,Australia,7
Grocery Store,Sprouts Organic,Rainy,China,Australia,10
Grocery Store,Sprouts Organic,Winter,China,Australia,11
Grocery Store,Sprouts Organic,Rainy,Morocco,Asia,9
Grocery Store,Sprouts Organic,Winter,China,Australia,8
Grocery Store,Sprouts Organic,Rainy,South Africa,Africa,24
Grocery Store,Sprouts Organic,Summer,Kenya,Europe,19
Grocery Store,Fruits,Summer,South Africa,Africa,8
Grocery Store,Fruits,Winter,Nigeria,America,10
Grocery Store,Fruits,Rainy,South Africa,Africa,23
Grocery Store,Fruits,Winter,Nigeria,America,23
Grocery Store,Fruits,Rainy,Morocco,Asia,13
Grocery Store,Fruits,Rainy,China,Australia,5
Grocery Store,Fruits,Rainy,Kenya,Europe,19
Grocery Store,Fruits,Summer,Kenya,Europe,13
Grocery Store,Fruits,Rainy,Nigeria,America,12
Grocery Store,Fruits,Summer,China,Australia,25
Grocery Store,Vegetables,Summer,South Africa,Africa,17
Grocery Store,Vegetables,Summer,Kenya,Europe,24
Grocery Store,Vegetables,Winter,Morocco,Asia,16
Grocery Store,Vegetables,Winter,China,Australia,19
Grocery Store,Vegetables,Summer,Nigeria,America,21
Grocery Store,Vegetables,Rainy,Nigeria,America,8
Grocery Store,Vegetables,Rainy,South Africa,Africa,16
Grocery Store,Vegetables,Summer,China,Australia,23
Grocery Store,Vegetables,Rainy,Kenya,Europe,21
Grocery Store,Vegetables,Rainy,Kenya,Europe,11
Grocery Store,Flower Bouquets and Buncheshes,Winter,Kenya,Europe,19
Grocery Store,Flower Bouquets and Buncheshes,Summer,Morocco,Asia,6
Grocery Store,Flower Bouquets and Buncheshes,Winter,China,Australia,6
Grocery Store,Flower Bouquets and Buncheshes,Rainy,South Africa,Africa,22
Grocery Store,Flower Bouquets and Buncheshes,Rainy,Kenya,Europe,8
Grocery Store,Flower Bouquets and Buncheshes,Winter,South Africa,Africa,6
Grocery Store,Flower Bouquets and Buncheshes,Rainy,Nigeria,America,16
Grocery Store,Flower Bouquets and Buncheshes,Summer,China,Australia,10
Grocery Store,Flower Bouquets and Buncheshes,Winter,Kenya,Europe,15
Grocery Store,Flower Bouquets and Buncheshes,Summer,Nigeria,America,24
Cosmetics,Make Up,Summer,Morocco,Asia,21
Cosmetics,Make Up,Summer,Morocco,Asia,8
Cosmetics,Make Up,Rainy,South Africa,Africa,13
Cosmetics,Make Up,Summer,Kenya,Europe,13
Cosmetics,Make Up,Summer,Morocco,Asia,11
Cosmetics,Make Up,Summer,Morocco,Asia,9
Cosmetics,Make Up,Rainy,Kenya,Europe,16
Cosmetics,Make Up,Rainy,South Africa,Africa,25
Cosmetics,Make Up,Summer,China,Australia,8
Cosmetics,Make Up,Summer,Nigeria,America,9
Cosmetics,Skin,Winter,South Africa,Africa,13
Cosmetics,Skin,Winter,South Africa,Africa,9
Cosmetics,Skin,Summer,Nigeria,America,6
Cosmetics,Skin,Summer,Morocco,Asia,15
Cosmetics,Skin,Summer,Kenya,Europe,18
Cosmetics,Skin,Winter,Kenya,Europe,13
Cosmetics,Skin,Summer,China,Australia,6
Cosmetics,Skin,Winter,South Africa,Africa,19
Cosmetics,Skin,Rainy,China,Australia,6
Cosmetics,Skin,Rainy,China,Australia,15
Cosmetics,Bath and Body,Winter,Morocco,Asia,16
Cosmetics,Bath and Body,Rainy,Nigeria,America,20
Cosmetics,Bath and Body,Summer,Kenya,Europe,22
Cosmetics,Bath and Body,Rainy,Kenya,Europe,10
Cosmetics,Bath and Body,Summer,Nigeria,America,21
Cosmetics,Bath and Body,Winter,Nigeria,America,10
Cosmetics,Bath and Body,Rainy,Morocco,Asia,23
Cosmetics,Bath and Body,Summer,China,Australia,21
Cosmetics,Bath and Body,Summer,Nigeria,America,12
Cosmetics,Bath and Body,Rainy,Kenya,Europe,24
Cosmetics,Hair Frangrance,Rainy,China,Australia,16
Cosmetics,Hair Frangrance,Winter,Kenya,Europe,13
Cosmetics,Hair Frangrance,Summer,China,Australia,5
Cosmetics,Hair Frangrance,Rainy,Kenya,Europe,8
Cosmetics,Hair Frangrance,Summer,China,Australia,8
Cosmetics,Hair Frangrance,Rainy,Nigeria,America,25
Cosmetics,Hair Frangrance,Summer,South Africa,Africa,19
Cosmetics,Hair Frangrance,Winter,Nigeria,America,17
Cosmetics,Hair Frangrance,Winter,China,Australia,24
Cosmetics,Hair Frangrance,Winter,Kenya,Europe,14
Cosmetics,Accessories,Rainy,Kenya,Europe,11
Cosmetics,Accessories,Winter,Nigeria,America,22
Cosmetics,Accessories,Rainy,China,Australia,22
Cosmetics,Accessories,Rainy,China,Australia,19
Cosmetics,Accessories,Summer,Kenya,Europe,25
Cosmetics,Accessories,Rainy,Nigeria,America,24
Cosmetics,Accessories,Winter,China,Australia,18
Cosmetics,Accessories,Rainy,Morocco,Asia,8
Cosmetics,Accessories,Summer,Morocco,Asia,7
Cosmetics,Accessories,Summer,South Africa,Africa,19
Cosmetics,Men,Rainy,China,Australia,12
Cosmetics,Men,Summer,Nigeria,America,23
Cosmetics,Men,Winter,Nigeria,America,19
Cosmetics,Men,Rainy,South Africa,Africa,22
Cosmetics,Men,Winter,China,Australia,18
Cosmetics,Men,Winter,Kenya,Europe,11
Cosmetics,Men,Summer,China,Australia,11
Cosmetics,Men,Winter,South Africa,Africa,24
Cosmetics,Men,Summer,China,Australia,12
Cosmetics,Men,Winter,China,Australia,9
Cosmetics,Electronics,Summer,Nigeria,America,17
Cosmetics,Electronics,Winter,China,Australia,15
Cosmetics,Electronics,Rainy,Kenya,Europe,19
Cosmetics,Electronics,Rainy,China,Australia,22
Cosmetics,Electronics,Rainy,Kenya,Europe,23
Cosmetics,Electronics,Winter,Nigeria,America,9
Cosmetics,Electronics,Winter,Morocco,Asia,16
Cosmetics,Electronics,Summer,Nigeria,America,11
Cosmetics,Electronics,Rainy,China,Australia,9
Cosmetics,Electronics,Rainy,South Africa,Africa,20
Cosmetics,Wellness,Winter,China,Australia,16
Cosmetics,Wellness,Winter,China,Australia,6
Cosmetics,Wellness,Rainy,China,Australia,5
Cosmetics,Wellness,Winter,South Africa,Africa,7
Cosmetics,Wellness,Rainy,China,Australia,9
Cosmetics,Wellness,Rainy,Kenya,Europe,7
Cosmetics,Wellness,Summer,Nigeria,America,6
Cosmetics,Wellness,Summer,China,Australia,9
Cosmetics,Wellness,Rainy,Kenya,Europe,5
Cosmetics,Wellness,Summer,Morocco,Asia,18
Cereal store,Cereal & Snack Bars,Summer,Morocco,Asia,14
Cereal store,Cereal & Snack Bars,Winter,Morocco,Asia,24
Cereal store,Cereal & Snack Bars,Winter,Kenya,Europe,11
Cereal store,Cereal & Snack Bars,Summer,China,Australia,13
Cereal store,Cereal & Snack Bars,Rainy,South Africa,Africa,7
Cereal store,Cereal & Snack Bars,Rainy,Morocco,Asia,16
Cereal store,Cereal & Snack Bars,Rainy,Kenya,Europe,18
Cereal store,Cereal & Snack Bars,Winter,Nigeria,America,9
Cereal store,Cereal & Snack Bars,Rainy,Kenya,Europe,22
Cereal store,Cereal & Snack Bars,Rainy,Kenya,Europe,9
Cereal store,Children's Cereals,Rainy,China,Australia,8
Cereal store,Children's Cereals,Winter,Morocco,Asia,20
Cereal store,Children's Cereals,Winter,Kenya,Europe,13
Cereal store,Children's Cereals,Summer,China,Australia,20
Cereal store,Children's Cereals,Winter,Kenya,Europe,6
Cereal store,Children's Cereals,Winter,Kenya,Europe,24
Cereal store,Children's Cereals,Rainy,Kenya,Europe,21
Cereal store,Children's Cereals,Rainy,Morocco,Asia,20
Cereal store,Children's Cereals,Rainy,China,Australia,16
Cereal store,Children's Cereals,Summer,Morocco,Asia,25
Cereal store,Flakes,Summer,China,Australia,24
Cereal store,Flakes,Summer,China,Australia,25
Cereal store,Flakes,Summer,South Africa,Africa,17
Cereal store,Flakes,Summer,Morocco,Asia,15
Cereal store,Flakes,Rainy,Kenya,Europe,16
Cereal store,Flakes,Winter,China,Australia,13
Cereal store,Flakes,Rainy,China,Australia,22
Cereal store,Flakes,Summer,South Africa,Africa,24
Cereal store,Flakes,Summer,China,Australia,5
Cereal store,Flakes,Winter,South Africa,Africa,17
Cereal store,Granola Cereals,Winter,China,Australia,21
Cereal store,Granola Cereals,Summer,Kenya,Europe,12
Cereal store,Granola Cereals,Winter,China,Australia,13
Cereal store,Granola Cereals,Winter,China,Australia,20
Cereal store,Granola Cereals,Summer,Morocco,Asia,13
Cereal store,Granola Cereals,Winter,China,Australia,16
Cereal store,Granola Cereals,Winter,China,Australia,5
Cereal store,Granola Cereals,Winter,Kenya,Europe,15
Cereal store,Granola Cereals,Winter,Morocco,Asia,6
Cereal store,Granola Cereals,Winter,Kenya,Europe,24
Cereal store,Muesli,Rainy,South Africa,Africa,19
Cereal store,Muesli,Winter,Nigeria,America,16
Cereal store,Muesli,Summer,Nigeria,America,8
Cereal store,Muesli,Winter,Kenya,Europe,21
Cereal store,Muesli,Winter,Morocco,Asia,22
Cereal store,Muesli,Rainy,South Africa,Africa,19
Cereal store,Muesli,Rainy,China,Australia,19
Cereal store,Muesli,Rainy,Morocco,Asia,9
Cereal store,Muesli,Rainy,South Africa,Africa,11
Cereal store,Muesli,Winter,China,Australia,24
Cereal store,Oats & Porridge,Summer,South Africa,Africa,12
Cereal store,Oats & Porridge,Summer,Kenya,Europe,10
Cereal store,Oats & Porridge,Rainy,Nigeria,America,20
Cereal store,Oats & Porridge,Summer,Kenya,Europe,8
Cereal store,Oats & Porridge,Rainy,South Africa,Africa,22
Cereal store,Oats & Porridge,Summer,China,Australia,17
Cereal store,Oats & Porridge,Winter,South Africa,Africa,5
Cereal store,Oats & Porridge,Rainy,Nigeria,America,6
Cereal store,Oats & Porridge,Summer,Nigeria,America,25
Cereal store,Oats & Porridge,Rainy,Nigeria,America,14
GYM equipments,Accessories,Winter,Morocco,Asia,17
GYM equipments,Accessories,Winter,Morocco,Asia,7
GYM equipments,Accessories,Rainy,China,Australia,13
GYM equipments,Accessories,Winter,South Africa,Africa,14
GYM equipments,Accessories,Summer,Kenya,Europe,25
GYM equipments,Accessories,Summer,Kenya,Europe,23
GYM equipments,Accessories,Winter,Kenya,Europe,20
GYM equipments,Accessories,Winter,Kenya,Europe,13
GYM equipments,Accessories,Rainy,Morocco,Asia,7
GYM equipments,Accessories,Summer,Morocco,Asia,14
GYM equipments,Aerobic Training Machines,Rainy,Morocco,Asia,19
GYM equipments,Aerobic Training Machines,Rainy,Kenya,Europe,11
GYM equipments,Aerobic Training Machines,Summer,China,Australia,12
GYM equipments,Aerobic Training Machines,Summer,Morocco,Asia,23
GYM equipments,Aerobic Training Machines,Summer,South Africa,Africa,17
GYM equipments,Aerobic Training Machines,Rainy,China,Australia,21
GYM equipments,Aerobic Training Machines,Rainy,Morocco,Asia,7
GYM equipments,Aerobic Training Machines,Summer,Nigeria,America,15
GYM equipments,Aerobic Training Machines,Summer,South Africa,Africa,6
GYM equipments,Aerobic Training Machines,Winter,Kenya,Europe,7
GYM equipments,Balance Trainers,Rainy,Kenya,Europe,16
GYM equipments,Balance Trainers,Rainy,Morocco,Asia,20
GYM equipments,Balance Trainers,Rainy,Morocco,Asia,9
GYM equipments,Balance Trainers,Rainy,Kenya,Europe,17
GYM equipments,Balance Trainers,Summer,South Africa,Africa,19
GYM equipments,Balance Trainers,Rainy,China,Australia,10
GYM equipments,Balance Trainers,Summer,China,Australia,11
GYM equipments,Balance Trainers,Winter,China,Australia,22
GYM equipments,Balance Trainers,Winter,Nigeria,America,6
GYM equipments,Balance Trainers,Summer,Morocco,Asia,6
GYM equipments,Clothing,Rainy,Kenya,Europe,17
GYM equipments,Clothing,Rainy,South Africa,Africa,25
GYM equipments,Clothing,Rainy,China,Australia,22
GYM equipments,Clothing,Summer,Kenya,Europe,20
GYM equipments,Clothing,Winter,South Africa,Africa,24
GYM equipments,Clothing,Rainy,Nigeria,America,16
GYM equipments,Clothing,Summer,Kenya,Europe,13
GYM equipments,Clothing,Winter,South Africa,Africa,25
GYM equipments,Clothing,Rainy,Nigeria,America,6
GYM equipments,Clothing,Rainy,China,Australia,16
GYM equipments,Footwear,Winter,Morocco,Asia,24
GYM equipments,Footwear,Winter,Nigeria,America,18
GYM equipments,Footwear,Winter,South Africa,Africa,9
GYM equipments,Footwear,Summer,Morocco,Asia,6
GYM equipments,Footwear,Summer,China,Australia,24
GYM equipments,Footwear,Summer,South Africa,Africa,13
GYM equipments,Footwear,Summer,Morocco,Asia,9
GYM equipments,Footwear,Winter,South Africa,Africa,20
GYM equipments,Footwear,Summer,Nigeria,America,6
GYM equipments,Footwear,Summer,Nigeria,America,13
GYM equipments,Gym Bags,Rainy,Morocco,Asia,8
GYM equipments,Gym Bags,Summer,China,Australia,22
GYM equipments,Gym Bags,Summer,South Africa,Africa,15
GYM equipments,Gym Bags,Winter,China,Australia,17
GYM equipments,Gym Bags,Winter,South Africa,Africa,23
GYM equipments,Gym Bags,Summer,South Africa,Africa,16
GYM equipments,Gym Bags,Winter,Nigeria,America,15
GYM equipments,Gym Bags,Summer,Nigeria,America,22
GYM equipments,Gym Bags,Summer,Morocco,Asia,6
GYM equipments,Gym Bags,Summer,China,Australia,24
GYM equipments,Pilates,Winter,Kenya,Europe,9
GYM equipments,Pilates,Rainy,Kenya,Europe,22
GYM equipments,Pilates,Rainy,Nigeria,America,8
GYM equipments,Pilates,Rainy,Kenya,Europe,8
GYM equipments,Pilates,Summer,Nigeria,America,20
GYM equipments,Pilates,Rainy,Kenya,Europe,12
GYM equipments,Pilates,Rainy,Nigeria,America,18
GYM equipments,Pilates,Rainy,China,Australia,6
GYM equipments,Pilates,Rainy,Kenya,Europe,16
GYM equipments,Pilates,Winter,Nigeria,America,24
GYM equipments,Strength Training Equipment,Winter,Kenya,Europe,14
GYM equipments,Strength Training Equipment,Winter,Kenya,Europe,22
GYM equipments,Strength Training Equipment,Summer,South Africa,Africa,13
GYM equipments,Strength Training Equipment,Rainy,Morocco,Asia,18
GYM equipments,Strength Training Equipment,Winter,Nigeria,America,16
GYM equipments,Strength Training Equipment,Summer,China,Australia,9
GYM equipments,Strength Training Equipment,Rainy,Morocco,Asia,20
GYM equipments,Strength Training Equipment,Summer,Morocco,Asia,18
GYM equipments,Strength Training Equipment,Summer,Kenya,Europe,25
GYM equipments,Strength Training Equipment,Winter,Kenya,Europe,15
GYM equipments,Yoga,Summer,Nigeria,America,21
GYM equipments,Yoga,Rainy,China,Australia,8
GYM equipments,Yoga,Summer,Nigeria,America,8
GYM equipments,Yoga,Summer,China,Australia,23
GYM equipments,Yoga,Summer,Morocco,Asia,18
GYM equipments,Yoga,Winter,Kenya,Europe,15
GYM equipments,Yoga,Winter,China,Australia,6
GYM equipments,Yoga,Winter,Morocco,Asia,5
GYM equipments,Yoga,Summer,Morocco,Asia,5
GYM equipments,Yoga,Winter,Morocco,Asia,25
Sports,Cricket,Summer,China,Australia,12
Sports,Cricket,Rainy,Nigeria,America,21
Sports,Cricket,Winter,Nigeria,America,18
Sports,Cricket,Summer,South Africa,Africa,18
Sports,Cricket,Rainy,South Africa,Africa,5
Sports,Cricket,Winter,Morocco,Asia,23
Sports,Cricket,Rainy,China,Australia,24
Sports,Cricket,Summer,Nigeria,America,16
Sports,Cricket,Summer,South Africa,Africa,13
Sports,Cricket,Rainy,South Africa,Africa,19
Sports,Badminton,Winter,Nigeria,America,21
Sports,Badminton,Winter,South Africa,Africa,16
Sports,Badminton,Winter,Nigeria,America,22
Sports,Badminton,Rainy,Kenya,Europe,22
Sports,Badminton,Summer,South Africa,Africa,20
Sports,Badminton,Winter,China,Australia,13
Sports,Badminton,Summer,Nigeria,America,23
Sports,Badminton,Summer,China,Australia,9
Sports,Badminton,Winter,South Africa,Africa,10
Sports,Badminton,Summer,Morocco,Asia,24
Sports,Cycling,Winter,Morocco,Asia,19
Sports,Cycling,Winter,Nigeria,America,24
Sports,Cycling,Winter,China,Australia,13
Sports,Cycling,Winter,Kenya,Europe,20
Sports,Cycling,Winter,Morocco,Asia,7
Sports,Cycling,Rainy,China,Australia,15
Sports,Cycling,Winter,China,Australia,24
Sports,Cycling,Rainy,Kenya,Europe,11
Sports,Cycling,Winter,China,Australia,13
Sports,Cycling,Winter,Morocco,Asia,11
Sports,Football,Winter,Nigeria,America,18
Sports,Football,Winter,China,Australia,15
Sports,Football,Rainy,Nigeria,America,25
Sports,Football,Rainy,South Africa,Africa,16
Sports,Football,Winter,Morocco,Asia,7
Sports,Football,Summer,Morocco,Asia,23
Sports,Football,Rainy,Kenya,Europe,13
Sports,Football,Summer,Morocco,Asia,7
Sports,Football,Summer,China,Australia,20
Sports,Football,Rainy,Kenya,Europe,24
Sports,Running,Rainy,Kenya,Europe,23
Sports,Running,Rainy,Morocco,Asia,6
Sports,Running,Rainy,South Africa,Africa,25
Sports,Running,Rainy,South Africa,Africa,20
Sports,Running,Winter,South Africa,Africa,24
Sports,Running,Summer,Morocco,Asia,11
Sports,Running,Winter,China,Australia,18
Sports,Running,Summer,Nigeria,America,15
Sports,Running,Summer,Kenya,Europe,11
Sports,Running,Winter,Kenya,Europe,11
Sports,Camping & Hiking,Winter,Morocco,Asia,10
Sports,Camping & Hiking,Rainy,Kenya,Europe,18
Sports,Camping & Hiking,Summer,Morocco,Asia,5
Sports,Camping & Hiking,Rainy,Morocco,Asia,15
Sports,Camping & Hiking,Winter,Morocco,Asia,16
Sports,Camping & Hiking,Rainy,South Africa,Africa,19
Sports,Camping & Hiking,Winter,Morocco,Asia,8
Sports,Camping & Hiking,Rainy,Nigeria,America,19
Sports,Camping & Hiking,Rainy,Kenya,Europe,7
Sports,Camping & Hiking,Summer,China,Australia,19
Sports,Fitness Accessories,Rainy,South Africa,Africa,13
Sports,Fitness Accessories,Summer,Kenya,Europe,8
Sports,Fitness Accessories,Winter,South Africa,Africa,6
Sports,Fitness Accessories,Rainy,China,Australia,10
Sports,Fitness Accessories,Summer,Kenya,Europe,24
Sports,Fitness Accessories,Rainy,Kenya,Europe,7
Sports,Fitness Accessories,Winter,Nigeria,America,12
Sports,Fitness Accessories,Summer,Morocco,Asia,20
Sports,Fitness Accessories,Winter,China,Australia,18
Sports,Fitness Accessories,Summer,Kenya,Europe,23
Sports,Yoga,Winter,China,Australia,15
Sports,Yoga,Rainy,China,Australia,11
Sports,Yoga,Rainy,Nigeria,America,14
Sports,Yoga,Rainy,China,Australia,19
Sports,Yoga,Summer,Nigeria,America,6
Sports,Yoga,Rainy,Morocco,Asia,13
Sports,Yoga,Winter,Morocco,Asia,21
Sports,Yoga,Rainy,China,Australia,21
Sports,Yoga,Summer,South Africa,Africa,12
Sports,Yoga,Rainy,Morocco,Asia,14
Sports,Strength Training,Winter,Nigeria,America,13
Sports,Strength Training,Rainy,Morocco,Asia,6
Sports,Strength Training,Summer,Morocco,Asia,5
Sports,Strength Training,Winter,South Africa,Africa,9
Sports,Strength Training,Summer,Kenya,Europe,24
Sports,Strength Training,Summer,Kenya,Europe,7
Sports,Strength Training,Rainy,Nigeria,America,13
Sports,Strength Training,Rainy,Morocco,Asia,23
Sports,Strength Training,Winter,Nigeria,America,18
Sports,Strength Training,Winter,China,Australia,7
Sports,Cardio Equipment,Winter,China,Australia,6
Sports,Cardio Equipment,Summer,Nigeria,America,15
Sports,Cardio Equipment,Rainy,Morocco,Asia,5
Sports,Cardio Equipment,Rainy,Kenya,Europe,12
Sports,Cardio Equipment,Winter,China,Australia,7
Sports,Cardio Equipment,Winter,Nigeria,America,23
Sports,Cardio Equipment,Winter,Kenya,Europe,9
Sports,Cardio Equipment,Winter,Nigeria,America,23
Sports,Cardio Equipment,Summer,Kenya,Europe,15
Sports,Cardio Equipment,Winter,Morocco,Asia,7
Sports,Certified Refurbished,Summer,South Africa,Africa,11
Sports,Certified Refurbished,Winter,South Africa,Africa,7
Sports,Certified Refurbished,Rainy,Morocco,Asia,7
Sports,Certified Refurbished,Winter,Morocco,Asia,23
Sports,Certified Refurbished,Rainy,Morocco,Asia,7
Sports,Certified Refurbished,Summer,South Africa,Africa,11
Sports,Certified Refurbished,Winter,China,Australia,12
Sports,Certified Refurbished,Rainy,Morocco,Asia,14
Sports,Certified Refurbished,Rainy,Nigeria,America,20
Sports,Certified Refurbished,Winter,South Africa,Africa,21
Sports,Exercise & Fitness,Winter,Kenya,Europe,17
Sports,Exercise & Fitness,Summer,Morocco,Asia,24
Sports,Exercise & Fitness,Winter,Kenya,Europe,13
Sports,Exercise & Fitness,Winter,China,Australia,5
Sports,Exercise & Fitness,Rainy,South Africa,Africa,8
Sports,Exercise & Fitness,Rainy,South Africa,Africa,7
Sports,Exercise & Fitness,Winter,Kenya,Europe,5
Sports,Exercise & Fitness,Rainy,Morocco,Asia,10
Sports,Exercise & Fitness,Summer,Kenya,Europe,19
Sports,Exercise & Fitness,Rainy,Morocco,Asia,9
Sports,"Sports, Fitness & Outdoors",Summer,South Africa,Africa,22
Sports,"Sports, Fitness & Outdoors",Rainy,Nigeria,America,18
Sports,"Sports, Fitness & Outdoors",Rainy,South Africa,Africa,15
Sports,"Sports, Fitness & Outdoors",Winter,Morocco,Asia,10
Sports,"Sports, Fitness & Outdoors",Winter,South Africa,Africa,24
Sports,"Sports, Fitness & Outdoors",Summer,China,Australia,22
Sports,"Sports, Fitness & Outdoors",Rainy,Kenya,Europe,11
Sports,"Sports, Fitness & Outdoors",Rainy,South Africa,Africa,17
Sports,"Sports, Fitness & Outdoors",Winter,Nigeria,America,5
Sports,"Sports, Fitness & Outdoors",Summer,Morocco,Asia,12
Sports,Backpacks,Summer,Kenya,Europe,24
Sports,Backpacks,Rainy,Kenya,Europe,23
Sports,Backpacks,Rainy,South Africa,Africa,9
Sports,Backpacks,Summer,Morocco,Asia,5
Sports,Backpacks,Rainy,China,Australia,20
Sports,Backpacks,Rainy,Kenya,Europe,18
Sports,Backpacks,Summer,China,Australia,14
Sports,Backpacks,Winter,China,Australia,9
Sports,Backpacks,Summer,Morocco,Asia,12
Sports,Backpacks,Summer,South Africa,Africa,24
Sports,Rucksacks,Winter,South Africa,Africa,18
Sports,Rucksacks,Rainy,Nigeria,America,24
Sports,Rucksacks,Rainy,Morocco,Asia,10
Sports,Rucksacks,Summer,Morocco,Asia,11
Sports,Rucksacks,Rainy,South Africa,Africa,11
Sports,Rucksacks,Rainy,Morocco,Asia,22
Sports,Rucksacks,Summer,South Africa,Africa,17
Sports,Rucksacks,Rainy,China,Australia,9
Sports,Rucksacks,Summer,Morocco,Asia,12
Sports,Rucksacks,Summer,Kenya,Europe,7
Sports,Suitcases & Trolley Bags,Rainy,Morocco,Asia,13
Sports,Suitcases & Trolley Bags,Winter,Morocco,Asia,18
Sports,Suitcases & Trolley Bags,Rainy,South Africa,Africa,17
Sports,Suitcases & Trolley Bags,Rainy,China,Australia,20
Sports,Suitcases & Trolley Bags,Summer,China,Australia,22
Sports,Suitcases & Trolley Bags,Rainy,South Africa,Africa,10
Sports,Suitcases & Trolley Bags,Rainy,South Africa,Africa,17
Sports,Suitcases & Trolley Bags,Winter,Nigeria,America,12
Sports,Suitcases & Trolley Bags,Summer,South Africa,Africa,25
Sports,Suitcases & Trolley Bags,Rainy,Nigeria,America,11
Sports,Travel Duffles,Winter,South Africa,Africa,6
Sports,Travel Duffles,Rainy,China,Australia,18
Sports,Travel Duffles,Winter,Morocco,Asia,8
Sports,Travel Duffles,Rainy,South Africa,Africa,8
Sports,Travel Duffles,Winter,Morocco,Asia,6
Sports,Travel Duffles,Summer,Morocco,Asia,6
Sports,Travel Duffles,Rainy,Morocco,Asia,24
Sports,Travel Duffles,Rainy,Nigeria,America,6
Sports,Travel Duffles,Summer,China,Australia,11
Sports,Travel Duffles,Summer,China,Australia,7
Sports,Travel Accessories,Rainy,Morocco,Asia,6
Sports,Travel Accessories,Rainy,Nigeria,America,15
Sports,Travel Accessories,Rainy,Nigeria,America,13
Sports,Travel Accessories,Winter,China,Australia,17
Sports,Travel Accessories,Rainy,Kenya,Europe,15
Sports,Travel Accessories,Summer,Morocco,Asia,8
Sports,Travel Accessories,Rainy,South Africa,Africa,14
Sports,Travel Accessories,Winter,South Africa,Africa,5
Sports,Travel Accessories,Summer,Kenya,Europe,13
Sports,Travel Accessories,Winter,Morocco,Asia,6
Sports,Wallets,Rainy,Kenya,Europe,11
Sports,Wallets,Summer,South Africa,Africa,24
Sports,Wallets,Winter,South Africa,Africa,14
Sports,Wallets,Winter,Morocco,Asia,5
Sports,Wallets,Winter,China,Australia,9
Sports,Wallets,Rainy,China,Australia,16
Sports,Wallets,Winter,China,Australia,5
Sports,Wallets,Summer,Kenya,Europe,11
Sports,Wallets,Rainy,China,Australia,11
Sports,Wallets,Rainy,South Africa,Africa,23
Shoes,Casual Shoes,Summer,Nigeria,America,24
Shoes,Casual Shoes,Rainy,Kenya,Europe,17
Shoes,Casual Shoes,Rainy,Morocco,Asia,14
Shoes,Casual Shoes,Rainy,South Africa,Africa,7
Shoes,Casual Shoes,Summer,South Africa,Africa,13
Shoes,Casual Shoes,Winter,Morocco,Asia,9
Shoes,Casual Shoes,Rainy,Nigeria,America,5
Shoes,Casual Shoes,Rainy,Morocco,Asia,10
Shoes,Casual Shoes,Rainy,South Africa,Africa,9
Shoes,Casual Shoes,Summer,Nigeria,America,18
Shoes,Flats,Rainy,Morocco,Asia,6
Shoes,Flats,Rainy,South Africa,Africa,25
Shoes,Flats,Winter,Nigeria,America,21
Shoes,Flats,Winter,South Africa,Africa,22
Shoes,Flats,Summer,Nigeria,America,19
Shoes,Flats,Summer,South Africa,Africa,16
Shoes,Flats,Rainy,Morocco,Asia,18
Shoes,Flats,Rainy,South Africa,Africa,10
Shoes,Flats,Rainy,Morocco,Asia,6
Shoes,Flats,Rainy,Morocco,Asia,11
Shoes,Formal Shoes,Rainy,China,Australia,15
Shoes,Formal Shoes,Summer,China,Australia,22
Shoes,Formal Shoes,Summer,Nigeria,America,25
Shoes,Formal Shoes,Summer,Kenya,Europe,24
Shoes,Formal Shoes,Rainy,South Africa,Africa,9
Shoes,Formal Shoes,Winter,Nigeria,America,5
Shoes,Formal Shoes,Rainy,China,Australia,22
Shoes,Formal Shoes,Rainy,South Africa,Africa,23
Shoes,Formal Shoes,Summer,China,Australia,5
Shoes,Formal Shoes,Rainy,China,Australia,22
Shoes,Flip Flops,Winter,South Africa,Africa,23
Shoes,Flip Flops,Rainy,China,Australia,5
Shoes,Flip Flops,Rainy,South Africa,Africa,8
Shoes,Flip Flops,Rainy,Morocco,Asia,25
Shoes,Flip Flops,Winter,China,Australia,22
Shoes,Flip Flops,Summer,South Africa,Africa,9
Shoes,Flip Flops,Rainy,China,Australia,12
Shoes,Flip Flops,Summer,China,Australia,17
Shoes,Flip Flops,Summer,Nigeria,America,24
Shoes,Flip Flops,Summer,South Africa,Africa,18
Shoes,Heels,Rainy,Morocco,Asia,13
Shoes,Heels,Summer,China,Australia,18
Shoes,Heels,Winter,Nigeria,America,15
Shoes,Heels,Rainy,Morocco,Asia,6
Shoes,Heels,Rainy,South Africa,Africa,23
Shoes,Heels,Rainy,Nigeria,America,12
Shoes,Heels,Rainy,China,Australia,13
Shoes,Heels,Summer,South Africa,Africa,19
Shoes,Heels,Summer,China,Australia,15
Shoes,Heels,Winter,Morocco,Asia,13
Shoes,Sports Shoes,Summer,Kenya,Europe,7
Shoes,Sports Shoes,Winter,South Africa,Africa,21
Shoes,Sports Shoes,Rainy,Morocco,Asia,22
Shoes,Sports Shoes,Winter,Morocco,Asia,25
Shoes,Sports Shoes,Summer,China,Australia,18
Shoes,Sports Shoes,Winter,Nigeria,America,25
Shoes,Sports Shoes,Summer,Kenya,Europe,11
Shoes,Sports Shoes,Winter,South Africa,Africa,14
Shoes,Sports Shoes,Rainy,Nigeria,America,8
Shoes,Sports Shoes,Summer,Nigeria,America,9
Shoes,Sandals,Summer,Nigeria,America,18
Shoes,Sandals,Rainy,South Africa,Africa,5
Shoes,Sandals,Winter,Morocco,Asia,10
Shoes,Sandals,Summer,Nigeria,America,6
Shoes,Sandals,Rainy,China,Australia,12
Shoes,Sandals,Winter,South Africa,Africa,19
Shoes,Sandals,Winter,Morocco,Asia,15
Shoes,Sandals,Rainy,Morocco,Asia,8
Shoes,Sandals,Rainy,Kenya,Europe,16
Shoes,Sandals,Summer,Morocco,Asia,8
Shoes,Sports Sandal,Winter,Nigeria,America,20
Shoes,Sports Sandal,Summer,China,Australia,8
Shoes,Sports Sandal,Summer,China,Australia,20
Shoes,Sports Sandal,Winter,Nigeria,America,20
Shoes,Sports Sandal,Summer,Morocco,Asia,15
Shoes,Sports Sandal,Winter,South Africa,Africa,5
Shoes,Sports Sandal,Rainy,Morocco,Asia,12
Shoes,Sports Sandal,Winter,Kenya,Europe,18
Shoes,Sports Sandal,Rainy,China,Australia,25
Shoes,Sports Sandal,Winter,Morocco,Asia,10
Vehicles,Motorbike Accessories & Parts,Rainy,South Africa,Africa,18
Vehicles,Motorbike Accessories & Parts,Winter,Morocco,Asia,13
Vehicles,Motorbike Accessories & Parts,Summer,Nigeria,America,14
Vehicles,Motorbike Accessories & Parts,Summer,China,Australia,24
Vehicles,Motorbike Accessories & Parts,Summer,China,Australia,24
Vehicles,Motorbike Accessories & Parts,Summer,Kenya,Europe,16
Vehicles,Motorbike Accessories & Parts,Winter,China,Australia,13
Vehicles,Motorbike Accessories & Parts,Winter,Nigeria,America,5
Vehicles,Motorbike Accessories & Parts,Rainy,Kenya,Europe,13
Vehicles,Motorbike Accessories & Parts,Rainy,Kenya,Europe,21
Vehicles,Car Accessories,Rainy,Nigeria,America,18
Vehicles,Car Accessories,Summer,Morocco,Asia,7
Vehicles,Car Accessories,Winter,Morocco,Asia,5
Vehicles,Car Accessories,Rainy,Nigeria,America,23
Vehicles,Car Accessories,Summer,Nigeria,America,11
Vehicles,Car Accessories,Winter,Kenya,Europe,18
Vehicles,Car Accessories,Rainy,Kenya,Europe,13
Vehicles,Car Accessories,Rainy,Nigeria,America,12
Vehicles,Car Accessories,Summer,Kenya,Europe,21
Vehicles,Car Accessories,Rainy,Nigeria,America,6
Vehicles,Car Electronics,Summer,Morocco,Asia,18
Vehicles,Car Electronics,Rainy,Morocco,Asia,17
Vehicles,Car Electronics,Winter,South Africa,Africa,23
Vehicles,Car Electronics,Rainy,Nigeria,America,21
Vehicles,Car Electronics,Summer,Nigeria,America,22
Vehicles,Car Electronics,Summer,South Africa,Africa,5
Vehicles,Car Electronics,Summer,Nigeria,America,14
Vehicles,Car Electronics,Summer,China,Australia,8
Vehicles,Car Electronics,Summer,Kenya,Europe,16
Vehicles,Car Electronics,Winter,Nigeria,America,22
Vehicles,Car Parts,Rainy,China,Australia,10
Vehicles,Car Parts,Winter,Kenya,Europe,19
Vehicles,Car Parts,Winter,Nigeria,America,22
Vehicles,Car Parts,Summer,Morocco,Asia,25
Vehicles,Car Parts,Summer,South Africa,Africa,16
Vehicles,Car Parts,Winter,Kenya,Europe,19
Vehicles,Car Parts,Rainy,Kenya,Europe,5
Vehicles,Car Parts,Winter,Morocco,Asia,20
Vehicles,Car Parts,Summer,Kenya,Europe,11
Vehicles,Car Parts,Winter,Nigeria,America,24
Vehicles,Car & Bike Care,Summer,China,Australia,9
Vehicles,Car & Bike Care,Summer,China,Australia,7
Vehicles,Car & Bike Care,Winter,South Africa,Africa,9
Vehicles,Car & Bike Care,Rainy,Morocco,Asia,12
Vehicles,Car & Bike Care,Winter,Nigeria,America,6
Vehicles,Car & Bike Care,Winter,China,Australia,25
Vehicles,Car & Bike Care,Winter,Kenya,Europe,15
Vehicles,Car & Bike Care,Summer,China,Australia,6
Vehicles,Car & Bike Care,Summer,South Africa,Africa,18
Vehicles,Car & Bike Care,Summer,South Africa,Africa,25
Vehicles,Car & Motorbike Products,Winter,South Africa,Africa,20
Vehicles,Car & Motorbike Products,Rainy,Nigeria,America,16
Vehicles,Car & Motorbike Products,Rainy,Kenya,Europe,16
Vehicles,Car & Motorbike Products,Rainy,Nigeria,America,21
Vehicles,Car & Motorbike Products,Summer,Kenya,Europe,17
Vehicles,Car & Motorbike Products,Rainy,South Africa,Africa,19
Vehicles,Car & Motorbike Products,Summer,South Africa,Africa,24
Vehicles,Car & Motorbike Products,Rainy,Nigeria,America,25
Vehicles,Car & Motorbike Products,Winter,Nigeria,America,5
Vehicles,Car & Motorbike Products,Winter,Kenya,Europe,15
Vehicles,Industrial & Scientific Supplies,Summer,Morocco,Asia,6
Vehicles,Industrial & Scientific Supplies,Winter,China,Australia,23
Vehicles,Industrial & Scientific Supplies,Winter,China,Australia,7
Vehicles,Industrial & Scientific Supplies,Rainy,Nigeria,America,25
Vehicles,Industrial & Scientific Supplies,Summer,Kenya,Europe,16
Vehicles,Industrial & Scientific Supplies,Rainy,China,Australia,19
Vehicles,Industrial & Scientific Supplies,Summer,Kenya,Europe,23
Vehicles,Industrial & Scientific Supplies,Rainy,Kenya,Europe,17
Vehicles,Industrial & Scientific Supplies,Rainy,South Africa,Africa,24
Vehicles,Industrial & Scientific Supplies,Rainy,Morocco,Asia,18
Vehicles,"Test, Measure & Inspect",Rainy,South Africa,Africa,20
Vehicles,"Test, Measure & Inspect",Rainy,Morocco,Asia,11
Vehicles,"Test, Measure & Inspect",Rainy,South Africa,Africa,14
Vehicles,"Test, Measure & Inspect",Rainy,China,Australia,10
Vehicles,"Test, Measure & Inspect",Summer,South Africa,Africa,15
Vehicles,"Test, Measure & Inspect",Winter,Kenya,Europe,14
Vehicles,"Test, Measure & Inspect",Rainy,South Africa,Africa,10
Vehicles,"Test, Measure & Inspect",Rainy,Kenya,Europe,7
Vehicles,"Test, Measure & Inspect",Winter,Morocco,Asia,25
Vehicles,"Test, Measure & Inspect",Summer,Morocco,Asia,17
Vehicles,Lab & Scientific,Winter,Kenya,Europe,9
Vehicles,Lab & Scientific,Winter,Morocco,Asia,22
Vehicles,Lab & Scientific,Winter,South Africa,Africa,9
Vehicles,Lab & Scientific,Winter,South Africa,Africa,6
Vehicles,Lab & Scientific,Summer,China,Australia,8
Vehicles,Lab & Scientific,Rainy,Kenya,Europe,13
Vehicles,Lab & Scientific,Rainy,China,Australia,21
Vehicles,Lab & Scientific,Summer,Nigeria,America,24
Vehicles,Lab & Scientific,Summer,South Africa,Africa,5
Vehicles,Lab & Scientific,Summer,China,Australia,21
Vehicles,Janitorial & Sanitation Supplies,Summer,Kenya,Europe,20
Vehicles,Janitorial & Sanitation Supplies,Summer,South Africa,Africa,17
Vehicles,Janitorial & Sanitation Supplies,Winter,South Africa,Africa,15
Vehicles,Janitorial & Sanitation Supplies,Rainy,Kenya,Europe,11
Vehicles,Janitorial & Sanitation Supplies,Winter,China,Australia,15
Vehicles,Janitorial & Sanitation Supplies,Winter,South Africa,Africa,20
Vehicles,Janitorial & Sanitation Supplies,Rainy,Nigeria,America,7
Vehicles,Janitorial & Sanitation Supplies,Summer,Kenya,Europe,25
Vehicles,Janitorial & Sanitation Supplies,Rainy,Morocco,Asia,10
Vehicles,Janitorial & Sanitation Supplies,Rainy,China,Australia,19
